year,country,region,scenario,capacity_gwe,capacity_factor,estimated_generation_twh,nuclear_share_estimate,smr_capacity_gwe,geniv_capacity_gwe,large_reactor_capacity_gwe,source_name
2030,Argentina,Latin America,Conservative,1.687,0.86,12.71,8.76,0.015,0.0,1.672,Scenario engine using processed reactor pipeline and sample/ingested context
2030,Argentina,Latin America,Base,1.691,0.86,12.74,8.78,0.02,0.0,1.671,Scenario engine using processed reactor pipeline and sample/ingested context
2030,Argentina,Latin America,Accelerated,1.695,0.86,12.77,8.81,0.026,0.0,1.669,Scenario engine using processed reactor pipeline and sample/ingested context
2040,Argentina,Latin America,Conservative,1.687,0.86,12.71,8.76,0.015,0.0,1.672,Scenario engine using processed reactor pipeline and sample/ingested context
2040,Argentina,Latin America,Base,1.691,0.86,12.74,8.78,0.02,0.0,1.671,Scenario engine using processed reactor pipeline and sample/ingested context
2040,Argentina,Latin America,Accelerated,1.695,0.86,12.77,8.81,0.026,0.0,1.669,Scenario engine using processed reactor pipeline and sample/ingested context
2050,Argentina,Latin America,Conservative,1.687,0.86,12.71,8.76,0.015,0.0,1.672,Scenario engine using processed reactor pipeline and sample/ingested context
2050,Argentina,Latin America,Base,1.691,0.86,12.74,8.78,0.02,0.0,1.671,Scenario engine using processed reactor pipeline and sample/ingested context
2050,Argentina,Latin America,Accelerated,1.695,0.86,12.77,8.81,0.026,0.0,1.669,Scenario engine using processed reactor pipeline and sample/ingested context
2030,Armenia,Eurasia,Conservative,0.376,0.86,2.83,40.47,0.0,0.0,0.376,Scenario engine using processed reactor pipeline and sample/ingested context
2030,Armenia,Eurasia,Base,0.376,0.86,2.83,40.47,0.0,0.0,0.376,Scenario engine using processed reactor pipeline and sample/ingested context
2030,Armenia,Eurasia,Accelerated,0.376,0.86,2.83,40.47,0.0,0.0,0.376,Scenario engine using processed reactor pipeline and sample/ingested context
2040,Armenia,Eurasia,Conservative,0.376,0.86,2.83,40.47,0.0,0.0,0.376,Scenario engine using processed reactor pipeline and sample/ingested context
2040,Armenia,Eurasia,Base,0.376,0.86,2.83,40.47,0.0,0.0,0.376,Scenario engine using processed reactor pipeline and sample/ingested context
2040,Armenia,Eurasia,Accelerated,0.376,0.86,2.83,40.47,0.0,0.0,0.376,Scenario engine using processed reactor pipeline and sample/ingested context
2050,Armenia,Eurasia,Conservative,0.376,0.86,2.83,40.47,0.0,0.0,0.376,Scenario engine using processed reactor pipeline and sample/ingested context
2050,Armenia,Eurasia,Base,0.376,0.86,2.83,40.47,0.0,0.0,0.376,Scenario engine using processed reactor pipeline and sample/ingested context
2050,Armenia,Eurasia,Accelerated,0.376,0.86,2.83,40.47,0.0,0.0,0.376,Scenario engine using processed reactor pipeline and sample/ingested context
2030,Bangladesh,Asia,Conservative,0.882,0.86,6.65,7.0,0.0,0.0,0.882,Scenario engine using processed reactor pipeline and sample/ingested context
2030,Bangladesh,Asia,Base,1.203,0.86,9.06,9.54,0.0,0.0,1.203,Scenario engine using processed reactor pipeline and sample/ingested context
2030,Bangladesh,Asia,Accelerated,1.524,0.86,11.48,12.09,0.0,0.0,1.524,Scenario engine using processed reactor pipeline and sample/ingested context
2040,Bangladesh,Asia,Conservative,0.882,0.86,6.65,7.0,0.0,0.0,0.882,Scenario engine using processed reactor pipeline and sample/ingested context
2040,Bangladesh,Asia,Base,1.203,0.86,9.06,9.54,0.0,0.0,1.203,Scenario engine using processed reactor pipeline and sample/ingested context
2040,Bangladesh,Asia,Accelerated,1.524,0.86,11.48,12.09,0.0,0.0,1.524,Scenario engine using processed reactor pipeline and sample/ingested context
2050,Bangladesh,Asia,Conservative,0.882,0.86,6.65,7.0,0.0,0.0,0.882,Scenario engine using processed reactor pipeline and sample/ingested context
2050,Bangladesh,Asia,Base,1.203,0.86,9.06,9.54,0.0,0.0,1.203,Scenario engine using processed reactor pipeline and sample/ingested context
2050,Bangladesh,Asia,Accelerated,1.524,0.86,11.48,12.09,0.0,0.0,1.524,Scenario engine using processed reactor pipeline and sample/ingested context
2030,Belgium,Europe,Conservative,5.925,0.86,44.64,52.51,0.0,0.0,5.925,Scenario engine using processed reactor pipeline and sample/ingested context
2030,Belgium,Europe,Base,5.925,0.86,44.64,52.51,0.0,0.0,5.925,Scenario engine using processed reactor pipeline and sample/ingested context
2030,Belgium,Europe,Accelerated,5.925,0.86,44.64,52.51,0.0,0.0,5.925,Scenario engine using processed reactor pipeline and sample/ingested context
2040,Belgium,Europe,Conservative,5.925,0.86,44.64,52.51,0.0,0.0,5.925,Scenario engine using processed reactor pipeline and sample/ingested context
2040,Belgium,Europe,Base,5.925,0.86,44.64,52.51,0.0,0.0,5.925,Scenario engine using processed reactor pipeline and sample/ingested context
2040,Belgium,Europe,Accelerated,5.925,0.86,44.64,52.51,0.0,0.0,5.925,Scenario engine using processed reactor pipeline and sample/ingested context
2050,Belgium,Europe,Conservative,5.925,0.86,44.64,52.51,0.0,0.0,5.925,Scenario engine using processed reactor pipeline and sample/ingested context
2050,Belgium,Europe,Base,5.925,0.86,44.64,52.51,0.0,0.0,5.925,Scenario engine using processed reactor pipeline and sample/ingested context
2050,Belgium,Europe,Accelerated,5.925,0.86,44.64,52.51,0.0,0.0,5.925,Scenario engine using processed reactor pipeline and sample/ingested context
2030,Brazil,Latin America,Conservative,1.99,0.86,14.99,2.17,0.0,0.0,1.99,Scenario engine using processed reactor pipeline and sample/ingested context
2030,Brazil,Latin America,Base,1.99,0.86,14.99,2.17,0.0,0.0,1.99,Scenario engine using processed reactor pipeline and sample/ingested context
2030,Brazil,Latin America,Accelerated,1.99,0.86,14.99,2.17,0.0,0.0,1.99,Scenario engine using processed reactor pipeline and sample/ingested context
2040,Brazil,Latin America,Conservative,2.539,0.86,19.13,2.77,0.0,0.0,2.539,Scenario engine using processed reactor pipeline and sample/ingested context
2040,Brazil,Latin America,Base,2.738,0.86,20.63,2.99,0.0,0.0,2.738,Scenario engine using processed reactor pipeline and sample/ingested context
2040,Brazil,Latin America,Accelerated,2.938,0.86,22.13,3.21,0.0,0.0,2.938,Scenario engine using processed reactor pipeline and sample/ingested context
2050,Brazil,Latin America,Conservative,2.539,0.86,19.13,2.77,0.0,0.0,2.539,Scenario engine using processed reactor pipeline and sample/ingested context
2050,Brazil,Latin America,Base,2.738,0.86,20.63,2.99,0.0,0.0,2.738,Scenario engine using processed reactor pipeline and sample/ingested context
2050,Brazil,Latin America,Accelerated,2.938,0.86,22.13,3.21,0.0,0.0,2.938,Scenario engine using processed reactor pipeline and sample/ingested context
2030,Bulgaria,Europe,Conservative,1.953,0.86,14.71,32.7,0.0,0.0,1.953,Scenario engine using processed reactor pipeline and sample/ingested context
2030,Bulgaria,Europe,Base,1.953,0.86,14.71,32.7,0.0,0.0,1.953,Scenario engine using processed reactor pipeline and sample/ingested context
2030,Bulgaria,Europe,Accelerated,1.953,0.86,14.71,32.7,0.0,0.0,1.953,Scenario engine using processed reactor pipeline and sample/ingested context
2040,Bulgaria,Europe,Conservative,1.953,0.86,14.71,32.7,0.0,0.0,1.953,Scenario engine using processed reactor pipeline and sample/ingested context
2040,Bulgaria,Europe,Base,1.953,0.86,14.71,32.7,0.0,0.0,1.953,Scenario engine using processed reactor pipeline and sample/ingested context
2040,Bulgaria,Europe,Accelerated,1.953,0.86,14.71,32.7,0.0,0.0,1.953,Scenario engine using processed reactor pipeline and sample/ingested context
2050,Bulgaria,Europe,Conservative,2.278,0.86,17.16,38.13,0.0,0.0,2.278,Scenario engine using processed reactor pipeline and sample/ingested context
2050,Bulgaria,Europe,Base,2.396,0.86,18.05,40.1,0.0,0.0,2.396,Scenario engine using processed reactor pipeline and sample/ingested context
2050,Bulgaria,Europe,Accelerated,2.514,0.86,18.94,42.08,0.0,0.0,2.514,Scenario engine using processed reactor pipeline and sample/ingested context
2030,Canada,North America,Conservative,10.382,0.86,78.21,13.04,0.0,0.0,10.382,Scenario engine using processed reactor pipeline and sample/ingested context
2030,Canada,North America,Base,10.382,0.86,78.21,13.04,0.0,0.0,10.382,Scenario engine using processed reactor pipeline and sample/ingested context
2030,Canada,North America,Accelerated,10.382,0.86,78.21,13.04,0.0,0.0,10.382,Scenario engine using processed reactor pipeline and sample/ingested context
2040,Canada,North America,Conservative,10.486,0.86,79.0,13.17,0.165,0.0,10.321,Scenario engine using processed reactor pipeline and sample/ingested context
2040,Canada,North America,Base,10.524,0.86,79.28,13.21,0.225,0.0,10.299,Scenario engine using processed reactor pipeline and sample/ingested context
2040,Canada,North America,Accelerated,10.562,0.86,79.57,13.26,0.285,0.0,10.277,Scenario engine using processed reactor pipeline and sample/ingested context
2050,Canada,North America,Conservative,10.486,0.86,79.0,13.17,0.165,0.0,10.321,Scenario engine using processed reactor pipeline and sample/ingested context
2050,Canada,North America,Base,10.524,0.86,79.28,13.21,0.225,0.0,10.299,Scenario engine using processed reactor pipeline and sample/ingested context
2050,Canada,North America,Accelerated,10.562,0.86,79.57,13.26,0.285,0.0,10.277,Scenario engine using processed reactor pipeline and sample/ingested context
2030,China,Asia,Conservative,57.375,0.86,432.24,4.57,0.0,0.0,57.375,Scenario engine using processed reactor pipeline and sample/ingested context
2030,China,Asia,Base,59.445,0.86,447.84,4.74,0.0,0.0,59.445,Scenario engine using processed reactor pipeline and sample/ingested context
2030,China,Asia,Accelerated,61.516,0.86,463.44,4.9,0.0,0.0,61.516,Scenario engine using processed reactor pipeline and sample/ingested context
2040,China,Asia,Conservative,57.375,0.86,432.24,4.57,0.0,0.0,57.375,Scenario engine using processed reactor pipeline and sample/ingested context
2040,China,Asia,Base,59.445,0.86,447.84,4.74,0.0,0.0,59.445,Scenario engine using processed reactor pipeline and sample/ingested context
2040,China,Asia,Accelerated,61.516,0.86,463.44,4.9,0.0,0.0,61.516,Scenario engine using processed reactor pipeline and sample/ingested context
2050,China,Asia,Conservative,57.375,0.86,432.24,4.57,0.0,0.0,57.375,Scenario engine using processed reactor pipeline and sample/ingested context
2050,China,Asia,Base,59.445,0.86,447.84,4.74,0.0,0.0,59.445,Scenario engine using processed reactor pipeline and sample/ingested context
2050,China,Asia,Accelerated,61.516,0.86,463.44,4.9,0.0,0.0,61.516,Scenario engine using processed reactor pipeline and sample/ingested context
2030,Czech Republic,Europe,Conservative,3.76,0.86,28.33,33.33,0.0,0.0,3.76,Scenario engine using processed reactor pipeline and sample/ingested context
2030,Czech Republic,Europe,Base,3.76,0.86,28.33,33.33,0.0,0.0,3.76,Scenario engine using processed reactor pipeline and sample/ingested context
2030,Czech Republic,Europe,Accelerated,3.76,0.86,28.33,33.33,0.0,0.0,3.76,Scenario engine using processed reactor pipeline and sample/ingested context
2040,Czech Republic,Europe,Conservative,3.76,0.86,28.33,33.33,0.0,0.0,3.76,Scenario engine using processed reactor pipeline and sample/ingested context
2040,Czech Republic,Europe,Base,3.76,0.86,28.33,33.33,0.0,0.0,3.76,Scenario engine using processed reactor pipeline and sample/ingested context
2040,Czech Republic,Europe,Accelerated,3.76,0.86,28.33,33.33,0.0,0.0,3.76,Scenario engine using processed reactor pipeline and sample/ingested context
2050,Czech Republic,Europe,Conservative,3.76,0.86,28.33,33.33,0.0,0.0,3.76,Scenario engine using processed reactor pipeline and sample/ingested context
2050,Czech Republic,Europe,Base,3.76,0.86,28.33,33.33,0.0,0.0,3.76,Scenario engine using processed reactor pipeline and sample/ingested context
2050,Czech Republic,Europe,Accelerated,3.76,0.86,28.33,33.33,0.0,0.0,3.76,Scenario engine using processed reactor pipeline and sample/ingested context
2030,Egypt,Africa,Conservative,0.882,0.86,6.65,3.17,0.0,0.0,0.882,Scenario engine using processed reactor pipeline and sample/ingested context
2030,Egypt,Africa,Base,1.203,0.86,9.06,4.32,0.0,0.0,1.203,Scenario engine using processed reactor pipeline and sample/ingested context
2030,Egypt,Africa,Accelerated,1.524,0.86,11.48,5.47,0.0,0.0,1.524,Scenario engine using processed reactor pipeline and sample/ingested context
2040,Egypt,Africa,Conservative,1.238,0.86,9.32,4.44,0.0,0.0,1.238,Scenario engine using processed reactor pipeline and sample/ingested context
2040,Egypt,Africa,Base,1.688,0.86,12.71,6.05,0.0,0.0,1.688,Scenario engine using processed reactor pipeline and sample/ingested context
2040,Egypt,Africa,Accelerated,2.138,0.86,16.11,7.67,0.0,0.0,2.138,Scenario engine using processed reactor pipeline and sample/ingested context
2050,Egypt,Africa,Conservative,1.238,0.86,9.32,4.44,0.0,0.0,1.238,Scenario engine using processed reactor pipeline and sample/ingested context
2050,Egypt,Africa,Base,1.688,0.86,12.71,6.05,0.0,0.0,1.688,Scenario engine using processed reactor pipeline and sample/ingested context
2050,Egypt,Africa,Accelerated,2.138,0.86,16.11,7.67,0.0,0.0,2.138,Scenario engine using processed reactor pipeline and sample/ingested context
2030,Finland,Europe,Conservative,4.362,0.86,32.86,36.51,0.0,0.0,4.362,Scenario engine using processed reactor pipeline and sample/ingested context
2030,Finland,Europe,Base,4.362,0.86,32.86,36.51,0.0,0.0,4.362,Scenario engine using processed reactor pipeline and sample/ingested context
2030,Finland,Europe,Accelerated,4.362,0.86,32.86,36.51,0.0,0.0,4.362,Scenario engine using processed reactor pipeline and sample/ingested context
2040,Finland,Europe,Conservative,4.714,0.86,35.52,39.46,0.0,0.0,4.714,Scenario engine using processed reactor pipeline and sample/ingested context
2040,Finland,Europe,Base,4.843,0.86,36.48,40.54,0.0,0.0,4.843,Scenario engine using processed reactor pipeline and sample/ingested context
2040,Finland,Europe,Accelerated,4.971,0.86,37.45,41.61,0.0,0.0,4.971,Scenario engine using processed reactor pipeline and sample/ingested context
2050,Finland,Europe,Conservative,4.714,0.86,35.52,39.46,0.0,0.0,4.714,Scenario engine using processed reactor pipeline and sample/ingested context
2050,Finland,Europe,Base,4.843,0.86,36.48,40.54,0.0,0.0,4.843,Scenario engine using processed reactor pipeline and sample/ingested context
2050,Finland,Europe,Accelerated,4.971,0.86,37.45,41.61,0.0,0.0,4.971,Scenario engine using processed reactor pipeline and sample/ingested context
2030,France,Europe,Conservative,62.025,0.86,467.27,96.34,0.0,0.0,62.025,Scenario engine using processed reactor pipeline and sample/ingested context
2030,France,Europe,Base,62.025,0.86,467.27,96.34,0.0,0.0,62.025,Scenario engine using processed reactor pipeline and sample/ingested context
2030,France,Europe,Accelerated,62.025,0.86,467.27,96.34,0.0,0.0,62.025,Scenario engine using processed reactor pipeline and sample/ingested context
2040,France,Europe,Conservative,62.025,0.86,467.27,96.34,0.0,0.0,62.025,Scenario engine using processed reactor pipeline and sample/ingested context
2040,France,Europe,Base,62.025,0.86,467.27,96.34,0.0,0.0,62.025,Scenario engine using processed reactor pipeline and sample/ingested context
2040,France,Europe,Accelerated,62.025,0.86,467.27,96.34,0.0,0.0,62.025,Scenario engine using processed reactor pipeline and sample/ingested context
2050,France,Europe,Conservative,62.025,0.86,467.27,96.34,0.0,0.0,62.025,Scenario engine using processed reactor pipeline and sample/ingested context
2050,France,Europe,Base,62.025,0.86,467.27,96.34,0.0,0.0,62.025,Scenario engine using processed reactor pipeline and sample/ingested context
2050,France,Europe,Accelerated,62.025,0.86,467.27,96.34,0.0,0.0,62.025,Scenario engine using processed reactor pipeline and sample/ingested context
2030,Germany,Europe,Conservative,0.0,0.86,0.0,0.0,0.0,0.0,0.0,Scenario engine using processed reactor pipeline and sample/ingested context
2030,Germany,Europe,Base,0.0,0.86,0.0,0.0,0.0,0.0,0.0,Scenario engine using processed reactor pipeline and sample/ingested context
2030,Germany,Europe,Accelerated,0.0,0.86,0.0,0.0,0.0,0.0,0.0,Scenario engine using processed reactor pipeline and sample/ingested context
2040,Germany,Europe,Conservative,0.0,0.86,0.0,0.0,0.0,0.0,0.0,Scenario engine using processed reactor pipeline and sample/ingested context
2040,Germany,Europe,Base,0.0,0.86,0.0,0.0,0.0,0.0,0.0,Scenario engine using processed reactor pipeline and sample/ingested context
2040,Germany,Europe,Accelerated,0.0,0.86,0.0,0.0,0.0,0.0,0.0,Scenario engine using processed reactor pipeline and sample/ingested context
2050,Germany,Europe,Conservative,0.0,0.86,0.0,0.0,0.0,0.0,0.0,Scenario engine using processed reactor pipeline and sample/ingested context
2050,Germany,Europe,Base,0.0,0.86,0.0,0.0,0.0,0.0,0.0,Scenario engine using processed reactor pipeline and sample/ingested context
2050,Germany,Europe,Accelerated,0.0,0.86,0.0,0.0,0.0,0.0,0.0,Scenario engine using processed reactor pipeline and sample/ingested context
2030,Hungary,Europe,Conservative,1.884,0.86,14.19,33.01,0.0,0.0,1.884,Scenario engine using processed reactor pipeline and sample/ingested context
2030,Hungary,Europe,Base,1.884,0.86,14.19,33.01,0.0,0.0,1.884,Scenario engine using processed reactor pipeline and sample/ingested context
2030,Hungary,Europe,Accelerated,1.884,0.86,14.19,33.01,0.0,0.0,1.884,Scenario engine using processed reactor pipeline and sample/ingested context
2040,Hungary,Europe,Conservative,2.73,0.86,20.56,47.82,0.0,0.0,2.73,Scenario engine using processed reactor pipeline and sample/ingested context
2040,Hungary,Europe,Base,3.037,0.86,22.88,53.21,0.0,0.0,3.037,Scenario engine using processed reactor pipeline and sample/ingested context
2040,Hungary,Europe,Accelerated,3.344,0.86,25.2,58.59,0.0,0.0,3.344,Scenario engine using processed reactor pipeline and sample/ingested context
2050,Hungary,Europe,Conservative,2.73,0.86,20.56,47.82,0.0,0.0,2.73,Scenario engine using processed reactor pipeline and sample/ingested context
2050,Hungary,Europe,Base,3.037,0.86,22.88,53.21,0.0,0.0,3.037,Scenario engine using processed reactor pipeline and sample/ingested context
2050,Hungary,Europe,Accelerated,3.344,0.86,25.2,58.59,0.0,0.0,3.344,Scenario engine using processed reactor pipeline and sample/ingested context
2030,India,Asia,Conservative,8.377,0.86,63.11,3.32,0.0,0.275,8.102,Scenario engine using processed reactor pipeline and sample/ingested context
2030,India,Asia,Base,9.054,0.86,68.21,3.59,0.0,0.375,8.679,Scenario engine using processed reactor pipeline and sample/ingested context
2030,India,Asia,Accelerated,9.73,0.86,73.3,3.86,0.0,0.475,9.255,Scenario engine using processed reactor pipeline and sample/ingested context
2040,India,Asia,Conservative,8.377,0.86,63.11,3.32,0.0,0.275,8.102,Scenario engine using processed reactor pipeline and sample/ingested context
2040,India,Asia,Base,9.054,0.86,68.21,3.59,0.0,0.375,8.679,Scenario engine using processed reactor pipeline and sample/ingested context
2040,India,Asia,Accelerated,9.73,0.86,73.3,3.86,0.0,0.475,9.255,Scenario engine using processed reactor pipeline and sample/ingested context
2050,India,Asia,Conservative,8.377,0.86,63.11,3.32,0.0,0.275,8.102,Scenario engine using processed reactor pipeline and sample/ingested context
2050,India,Asia,Base,9.054,0.86,68.21,3.59,0.0,0.375,8.679,Scenario engine using processed reactor pipeline and sample/ingested context
2050,India,Asia,Accelerated,9.73,0.86,73.3,3.86,0.0,0.475,9.255,Scenario engine using processed reactor pipeline and sample/ingested context
2030,Japan,Asia,Conservative,9.806,0.86,73.87,7.54,0.0,0.0,9.806,Scenario engine using processed reactor pipeline and sample/ingested context
2030,Japan,Asia,Base,9.806,0.86,73.87,7.54,0.0,0.0,9.806,Scenario engine using processed reactor pipeline and sample/ingested context
2030,Japan,Asia,Accelerated,9.806,0.86,73.87,7.54,0.0,0.0,9.806,Scenario engine using processed reactor pipeline and sample/ingested context
2040,Japan,Asia,Conservative,9.806,0.86,73.87,7.54,0.0,0.0,9.806,Scenario engine using processed reactor pipeline and sample/ingested context
2040,Japan,Asia,Base,9.806,0.86,73.87,7.54,0.0,0.0,9.806,Scenario engine using processed reactor pipeline and sample/ingested context
2040,Japan,Asia,Accelerated,9.806,0.86,73.87,7.54,0.0,0.0,9.806,Scenario engine using processed reactor pipeline and sample/ingested context
2050,Japan,Asia,Conservative,9.806,0.86,73.87,7.54,0.0,0.0,9.806,Scenario engine using processed reactor pipeline and sample/ingested context
2050,Japan,Asia,Base,9.806,0.86,73.87,7.54,0.0,0.0,9.806,Scenario engine using processed reactor pipeline and sample/ingested context
2050,Japan,Asia,Accelerated,9.806,0.86,73.87,7.54,0.0,0.0,9.806,Scenario engine using processed reactor pipeline and sample/ingested context
2030,Mexico,Latin America,Conservative,1.354,0.86,10.2,3.29,0.0,0.0,1.354,Scenario engine using processed reactor pipeline and sample/ingested context
2030,Mexico,Latin America,Base,1.354,0.86,10.2,3.29,0.0,0.0,1.354,Scenario engine using processed reactor pipeline and sample/ingested context
2030,Mexico,Latin America,Accelerated,1.354,0.86,10.2,3.29,0.0,0.0,1.354,Scenario engine using processed reactor pipeline and sample/ingested context
2040,Mexico,Latin America,Conservative,1.354,0.86,10.2,3.29,0.0,0.0,1.354,Scenario engine using processed reactor pipeline and sample/ingested context
2040,Mexico,Latin America,Base,1.354,0.86,10.2,3.29,0.0,0.0,1.354,Scenario engine using processed reactor pipeline and sample/ingested context
2040,Mexico,Latin America,Accelerated,1.354,0.86,10.2,3.29,0.0,0.0,1.354,Scenario engine using processed reactor pipeline and sample/ingested context
2050,Mexico,Latin America,Conservative,1.354,0.86,10.2,3.29,0.0,0.0,1.354,Scenario engine using processed reactor pipeline and sample/ingested context
2050,Mexico,Latin America,Base,1.354,0.86,10.2,3.29,0.0,0.0,1.354,Scenario engine using processed reactor pipeline and sample/ingested context
2050,Mexico,Latin America,Accelerated,1.354,0.86,10.2,3.29,0.0,0.0,1.354,Scenario engine using processed reactor pipeline and sample/ingested context
2030,Netherlands,Europe,Conservative,0.515,0.86,3.88,3.37,0.0,0.0,0.515,Scenario engine using processed reactor pipeline and sample/ingested context
2030,Netherlands,Europe,Base,0.515,0.86,3.88,3.37,0.0,0.0,0.515,Scenario engine using processed reactor pipeline and sample/ingested context
2030,Netherlands,Europe,Accelerated,0.515,0.86,3.88,3.37,0.0,0.0,0.515,Scenario engine using processed reactor pipeline and sample/ingested context
2040,Netherlands,Europe,Conservative,0.515,0.86,3.88,3.37,0.0,0.0,0.515,Scenario engine using processed reactor pipeline and sample/ingested context
2040,Netherlands,Europe,Base,0.515,0.86,3.88,3.37,0.0,0.0,0.515,Scenario engine using processed reactor pipeline and sample/ingested context
2040,Netherlands,Europe,Accelerated,0.515,0.86,3.88,3.37,0.0,0.0,0.515,Scenario engine using processed reactor pipeline and sample/ingested context
2050,Netherlands,Europe,Conservative,0.515,0.86,3.88,3.37,0.0,0.0,0.515,Scenario engine using processed reactor pipeline and sample/ingested context
2050,Netherlands,Europe,Base,0.515,0.86,3.88,3.37,0.0,0.0,0.515,Scenario engine using processed reactor pipeline and sample/ingested context
2050,Netherlands,Europe,Accelerated,0.515,0.86,3.88,3.37,0.0,0.0,0.515,Scenario engine using processed reactor pipeline and sample/ingested context
2030,Pakistan,Asia,Conservative,3.4,0.86,25.61,16.01,0.0,0.0,3.4,Scenario engine using processed reactor pipeline and sample/ingested context
2030,Pakistan,Asia,Base,3.4,0.86,25.61,16.01,0.0,0.0,3.4,Scenario engine using processed reactor pipeline and sample/ingested context
2030,Pakistan,Asia,Accelerated,3.4,0.86,25.61,16.01,0.0,0.0,3.4,Scenario engine using processed reactor pipeline and sample/ingested context
2040,Pakistan,Asia,Conservative,3.4,0.86,25.61,16.01,0.0,0.0,3.4,Scenario engine using processed reactor pipeline and sample/ingested context
2040,Pakistan,Asia,Base,3.4,0.86,25.61,16.01,0.0,0.0,3.4,Scenario engine using processed reactor pipeline and sample/ingested context
2040,Pakistan,Asia,Accelerated,3.4,0.86,25.61,16.01,0.0,0.0,3.4,Scenario engine using processed reactor pipeline and sample/ingested context
2050,Pakistan,Asia,Conservative,3.4,0.86,25.61,16.01,0.0,0.0,3.4,Scenario engine using processed reactor pipeline and sample/ingested context
2050,Pakistan,Asia,Base,3.4,0.86,25.61,16.01,0.0,0.0,3.4,Scenario engine using processed reactor pipeline and sample/ingested context
2050,Pakistan,Asia,Accelerated,3.4,0.86,25.61,16.01,0.0,0.0,3.4,Scenario engine using processed reactor pipeline and sample/ingested context
2030,Poland,Europe,Conservative,0.0,0.86,0.0,0.0,0.0,0.0,0.0,Scenario engine using processed reactor pipeline and sample/ingested context
2030,Poland,Europe,Base,0.0,0.86,0.0,0.0,0.0,0.0,0.0,Scenario engine using processed reactor pipeline and sample/ingested context
2030,Poland,Europe,Accelerated,0.0,0.86,0.0,0.0,0.0,0.0,0.0,Scenario engine using processed reactor pipeline and sample/ingested context
2040,Poland,Europe,Conservative,0.713,0.86,5.37,3.07,0.0,0.0,0.713,Scenario engine using processed reactor pipeline and sample/ingested context
2040,Poland,Europe,Base,0.972,0.86,7.32,4.18,0.0,0.0,0.972,Scenario engine using processed reactor pipeline and sample/ingested context
2040,Poland,Europe,Accelerated,1.231,0.86,9.27,5.3,0.0,0.0,1.231,Scenario engine using processed reactor pipeline and sample/ingested context
2050,Poland,Europe,Conservative,0.713,0.86,5.37,3.07,0.0,0.0,0.713,Scenario engine using processed reactor pipeline and sample/ingested context
2050,Poland,Europe,Base,0.972,0.86,7.32,4.18,0.0,0.0,0.972,Scenario engine using processed reactor pipeline and sample/ingested context
2050,Poland,Europe,Accelerated,1.231,0.86,9.27,5.3,0.0,0.0,1.231,Scenario engine using processed reactor pipeline and sample/ingested context
2030,Romania,Europe,Conservative,1.3,0.86,9.79,15.07,0.0,0.0,1.3,Scenario engine using processed reactor pipeline and sample/ingested context
2030,Romania,Europe,Base,1.3,0.86,9.79,15.07,0.0,0.0,1.3,Scenario engine using processed reactor pipeline and sample/ingested context
2030,Romania,Europe,Accelerated,1.3,0.86,9.79,15.07,0.0,0.0,1.3,Scenario engine using processed reactor pipeline and sample/ingested context
2040,Romania,Europe,Conservative,1.779,0.86,13.4,20.62,0.0,0.0,1.779,Scenario engine using processed reactor pipeline and sample/ingested context
2040,Romania,Europe,Base,1.953,0.86,14.72,22.64,0.0,0.0,1.953,Scenario engine using processed reactor pipeline and sample/ingested context
2040,Romania,Europe,Accelerated,2.127,0.86,16.03,24.66,0.0,0.0,2.127,Scenario engine using processed reactor pipeline and sample/ingested context
2050,Romania,Europe,Conservative,1.779,0.86,13.4,20.62,0.0,0.0,1.779,Scenario engine using processed reactor pipeline and sample/ingested context
2050,Romania,Europe,Base,1.953,0.86,14.72,22.64,0.0,0.0,1.953,Scenario engine using processed reactor pipeline and sample/ingested context
2050,Romania,Europe,Accelerated,2.127,0.86,16.03,24.66,0.0,0.0,2.127,Scenario engine using processed reactor pipeline and sample/ingested context
2030,Russia,Eurasia,Conservative,30.757,0.86,231.71,19.8,0.0,0.0,30.757,Scenario engine using processed reactor pipeline and sample/ingested context
2030,Russia,Eurasia,Base,31.397,0.86,236.53,20.22,0.0,0.0,31.397,Scenario engine using processed reactor pipeline and sample/ingested context
2030,Russia,Eurasia,Accelerated,32.037,0.86,241.36,20.63,0.0,0.0,32.037,Scenario engine using processed reactor pipeline and sample/ingested context
2040,Russia,Eurasia,Conservative,30.757,0.86,231.71,19.8,0.0,0.0,30.757,Scenario engine using processed reactor pipeline and sample/ingested context
2040,Russia,Eurasia,Base,31.397,0.86,236.53,20.22,0.0,0.0,31.397,Scenario engine using processed reactor pipeline and sample/ingested context
2040,Russia,Eurasia,Accelerated,32.037,0.86,241.36,20.63,0.0,0.0,32.037,Scenario engine using processed reactor pipeline and sample/ingested context
2050,Russia,Eurasia,Conservative,30.757,0.86,231.71,19.8,0.0,0.0,30.757,Scenario engine using processed reactor pipeline and sample/ingested context
2050,Russia,Eurasia,Base,31.397,0.86,236.53,20.22,0.0,0.0,31.397,Scenario engine using processed reactor pipeline and sample/ingested context
2050,Russia,Eurasia,Accelerated,32.037,0.86,241.36,20.63,0.0,0.0,32.037,Scenario engine using processed reactor pipeline and sample/ingested context
2030,Slovakia,Europe,Conservative,1.913,0.86,14.41,48.05,0.0,0.0,1.913,Scenario engine using processed reactor pipeline and sample/ingested context
2030,Slovakia,Europe,Base,1.991,0.86,15.0,49.99,0.0,0.0,1.991,Scenario engine using processed reactor pipeline and sample/ingested context
2030,Slovakia,Europe,Accelerated,2.068,0.86,15.58,51.93,0.0,0.0,2.068,Scenario engine using processed reactor pipeline and sample/ingested context
2040,Slovakia,Europe,Conservative,1.913,0.86,14.41,48.05,0.0,0.0,1.913,Scenario engine using processed reactor pipeline and sample/ingested context
2040,Slovakia,Europe,Base,1.991,0.86,15.0,49.99,0.0,0.0,1.991,Scenario engine using processed reactor pipeline and sample/ingested context
2040,Slovakia,Europe,Accelerated,2.068,0.86,15.58,51.93,0.0,0.0,2.068,Scenario engine using processed reactor pipeline and sample/ingested context
2050,Slovakia,Europe,Conservative,1.913,0.86,14.41,48.05,0.0,0.0,1.913,Scenario engine using processed reactor pipeline and sample/ingested context
2050,Slovakia,Europe,Base,1.991,0.86,15.0,49.99,0.0,0.0,1.991,Scenario engine using processed reactor pipeline and sample/ingested context
2050,Slovakia,Europe,Accelerated,2.068,0.86,15.58,51.93,0.0,0.0,2.068,Scenario engine using processed reactor pipeline and sample/ingested context
2030,South Africa,Africa,Conservative,1.8,0.86,13.56,5.77,0.0,0.0,1.8,Scenario engine using processed reactor pipeline and sample/ingested context
2030,South Africa,Africa,Base,1.8,0.86,13.56,5.77,0.0,0.0,1.8,Scenario engine using processed reactor pipeline and sample/ingested context
2030,South Africa,Africa,Accelerated,1.8,0.86,13.56,5.77,0.0,0.0,1.8,Scenario engine using processed reactor pipeline and sample/ingested context
2040,South Africa,Africa,Conservative,1.8,0.86,13.56,5.77,0.0,0.0,1.8,Scenario engine using processed reactor pipeline and sample/ingested context
2040,South Africa,Africa,Base,1.8,0.86,13.56,5.77,0.0,0.0,1.8,Scenario engine using processed reactor pipeline and sample/ingested context
2040,South Africa,Africa,Accelerated,1.8,0.86,13.56,5.77,0.0,0.0,1.8,Scenario engine using processed reactor pipeline and sample/ingested context
2050,South Africa,Africa,Conservative,2.125,0.86,16.01,6.81,0.0,0.0,2.125,Scenario engine using processed reactor pipeline and sample/ingested context
2050,South Africa,Africa,Base,2.242,0.86,16.89,7.19,0.0,0.0,2.242,Scenario engine using processed reactor pipeline and sample/ingested context
2050,South Africa,Africa,Accelerated,2.36,0.86,17.78,7.57,0.0,0.0,2.36,Scenario engine using processed reactor pipeline and sample/ingested context
2030,South Korea,Asia,Conservative,24.767,0.86,186.59,31.62,0.0,0.0,24.767,Scenario engine using processed reactor pipeline and sample/ingested context
2030,South Korea,Asia,Base,25.137,0.86,189.37,32.1,0.0,0.0,25.137,Scenario engine using processed reactor pipeline and sample/ingested context
2030,South Korea,Asia,Accelerated,25.507,0.86,192.16,32.57,0.0,0.0,25.507,Scenario engine using processed reactor pipeline and sample/ingested context
2040,South Korea,Asia,Conservative,24.767,0.86,186.59,31.62,0.0,0.0,24.767,Scenario engine using processed reactor pipeline and sample/ingested context
2040,South Korea,Asia,Base,25.137,0.86,189.37,32.1,0.0,0.0,25.137,Scenario engine using processed reactor pipeline and sample/ingested context
2040,South Korea,Asia,Accelerated,25.507,0.86,192.16,32.57,0.0,0.0,25.507,Scenario engine using processed reactor pipeline and sample/ingested context
2050,South Korea,Asia,Conservative,24.767,0.86,186.59,31.62,0.0,0.0,24.767,Scenario engine using processed reactor pipeline and sample/ingested context
2050,South Korea,Asia,Base,25.137,0.86,189.37,32.1,0.0,0.0,25.137,Scenario engine using processed reactor pipeline and sample/ingested context
2050,South Korea,Asia,Accelerated,25.507,0.86,192.16,32.57,0.0,0.0,25.507,Scenario engine using processed reactor pipeline and sample/ingested context
2030,Spain,Europe,Conservative,7.264,0.86,54.72,21.89,0.0,0.0,7.264,Scenario engine using processed reactor pipeline and sample/ingested context
2030,Spain,Europe,Base,7.264,0.86,54.72,21.89,0.0,0.0,7.264,Scenario engine using processed reactor pipeline and sample/ingested context
2030,Spain,Europe,Accelerated,7.264,0.86,54.72,21.89,0.0,0.0,7.264,Scenario engine using processed reactor pipeline and sample/ingested context
2040,Spain,Europe,Conservative,7.264,0.86,54.72,21.89,0.0,0.0,7.264,Scenario engine using processed reactor pipeline and sample/ingested context
2040,Spain,Europe,Base,7.264,0.86,54.72,21.89,0.0,0.0,7.264,Scenario engine using processed reactor pipeline and sample/ingested context
2040,Spain,Europe,Accelerated,7.264,0.86,54.72,21.89,0.0,0.0,7.264,Scenario engine using processed reactor pipeline and sample/ingested context
2050,Spain,Europe,Conservative,7.264,0.86,54.72,21.89,0.0,0.0,7.264,Scenario engine using processed reactor pipeline and sample/ingested context
2050,Spain,Europe,Base,7.264,0.86,54.72,21.89,0.0,0.0,7.264,Scenario engine using processed reactor pipeline and sample/ingested context
2050,Spain,Europe,Accelerated,7.264,0.86,54.72,21.89,0.0,0.0,7.264,Scenario engine using processed reactor pipeline and sample/ingested context
2030,Sweden,Europe,Conservative,5.908,0.86,44.51,31.79,0.0,0.0,5.908,Scenario engine using processed reactor pipeline and sample/ingested context
2030,Sweden,Europe,Base,5.908,0.86,44.51,31.79,0.0,0.0,5.908,Scenario engine using processed reactor pipeline and sample/ingested context
2030,Sweden,Europe,Accelerated,5.908,0.86,44.51,31.79,0.0,0.0,5.908,Scenario engine using processed reactor pipeline and sample/ingested context
2040,Sweden,Europe,Conservative,5.908,0.86,44.51,31.79,0.0,0.0,5.908,Scenario engine using processed reactor pipeline and sample/ingested context
2040,Sweden,Europe,Base,5.908,0.86,44.51,31.79,0.0,0.0,5.908,Scenario engine using processed reactor pipeline and sample/ingested context
2040,Sweden,Europe,Accelerated,5.908,0.86,44.51,31.79,0.0,0.0,5.908,Scenario engine using processed reactor pipeline and sample/ingested context
2050,Sweden,Europe,Conservative,5.908,0.86,44.51,31.79,0.0,0.0,5.908,Scenario engine using processed reactor pipeline and sample/ingested context
2050,Sweden,Europe,Base,5.908,0.86,44.51,31.79,0.0,0.0,5.908,Scenario engine using processed reactor pipeline and sample/ingested context
2050,Sweden,Europe,Accelerated,5.908,0.86,44.51,31.79,0.0,0.0,5.908,Scenario engine using processed reactor pipeline and sample/ingested context
2030,Switzerland,Europe,Conservative,2.92,0.86,22.0,33.84,0.0,0.0,2.92,Scenario engine using processed reactor pipeline and sample/ingested context
2030,Switzerland,Europe,Base,2.92,0.86,22.0,33.84,0.0,0.0,2.92,Scenario engine using processed reactor pipeline and sample/ingested context
2030,Switzerland,Europe,Accelerated,2.92,0.86,22.0,33.84,0.0,0.0,2.92,Scenario engine using processed reactor pipeline and sample/ingested context
2040,Switzerland,Europe,Conservative,2.92,0.86,22.0,33.84,0.0,0.0,2.92,Scenario engine using processed reactor pipeline and sample/ingested context
2040,Switzerland,Europe,Base,2.92,0.86,22.0,33.84,0.0,0.0,2.92,Scenario engine using processed reactor pipeline and sample/ingested context
2040,Switzerland,Europe,Accelerated,2.92,0.86,22.0,33.84,0.0,0.0,2.92,Scenario engine using processed reactor pipeline and sample/ingested context
2050,Switzerland,Europe,Conservative,2.92,0.86,22.0,33.84,0.0,0.0,2.92,Scenario engine using processed reactor pipeline and sample/ingested context
2050,Switzerland,Europe,Base,2.92,0.86,22.0,33.84,0.0,0.0,2.92,Scenario engine using processed reactor pipeline and sample/ingested context
2050,Switzerland,Europe,Accelerated,2.92,0.86,22.0,33.84,0.0,0.0,2.92,Scenario engine using processed reactor pipeline and sample/ingested context
2030,Taiwan,Asia,Conservative,2.731,0.86,20.57,8.76,0.0,0.0,2.731,Scenario engine using processed reactor pipeline and sample/ingested context
2030,Taiwan,Asia,Base,2.731,0.86,20.57,8.76,0.0,0.0,2.731,Scenario engine using processed reactor pipeline and sample/ingested context
2030,Taiwan,Asia,Accelerated,2.731,0.86,20.57,8.76,0.0,0.0,2.731,Scenario engine using processed reactor pipeline and sample/ingested context
2040,Taiwan,Asia,Conservative,2.731,0.86,20.57,8.76,0.0,0.0,2.731,Scenario engine using processed reactor pipeline and sample/ingested context
2040,Taiwan,Asia,Base,2.731,0.86,20.57,8.76,0.0,0.0,2.731,Scenario engine using processed reactor pipeline and sample/ingested context
2040,Taiwan,Asia,Accelerated,2.731,0.86,20.57,8.76,0.0,0.0,2.731,Scenario engine using processed reactor pipeline and sample/ingested context
2050,Taiwan,Asia,Conservative,2.731,0.86,20.57,8.76,0.0,0.0,2.731,Scenario engine using processed reactor pipeline and sample/ingested context
2050,Taiwan,Asia,Base,2.731,0.86,20.57,8.76,0.0,0.0,2.731,Scenario engine using processed reactor pipeline and sample/ingested context
2050,Taiwan,Asia,Accelerated,2.731,0.86,20.57,8.76,0.0,0.0,2.731,Scenario engine using processed reactor pipeline and sample/ingested context
2030,Turkey,Europe,Conservative,1.765,0.86,13.29,3.97,0.0,0.0,1.765,Scenario engine using processed reactor pipeline and sample/ingested context
2030,Turkey,Europe,Base,2.406,0.86,18.13,5.41,0.0,0.0,2.406,Scenario engine using processed reactor pipeline and sample/ingested context
2030,Turkey,Europe,Accelerated,3.048,0.86,22.96,6.85,0.0,0.0,3.048,Scenario engine using processed reactor pipeline and sample/ingested context
2040,Turkey,Europe,Conservative,1.765,0.86,13.29,3.97,0.0,0.0,1.765,Scenario engine using processed reactor pipeline and sample/ingested context
2040,Turkey,Europe,Base,2.406,0.86,18.13,5.41,0.0,0.0,2.406,Scenario engine using processed reactor pipeline and sample/ingested context
2040,Turkey,Europe,Accelerated,3.048,0.86,22.96,6.85,0.0,0.0,3.048,Scenario engine using processed reactor pipeline and sample/ingested context
2050,Turkey,Europe,Conservative,1.765,0.86,13.29,3.97,0.0,0.0,1.765,Scenario engine using processed reactor pipeline and sample/ingested context
2050,Turkey,Europe,Base,2.406,0.86,18.13,5.41,0.0,0.0,2.406,Scenario engine using processed reactor pipeline and sample/ingested context
2050,Turkey,Europe,Accelerated,3.048,0.86,22.96,6.85,0.0,0.0,3.048,Scenario engine using processed reactor pipeline and sample/ingested context
2030,UAE,Middle East,Conservative,4.449,0.86,33.52,20.95,0.0,0.0,4.449,Scenario engine using processed reactor pipeline and sample/ingested context
2030,UAE,Middle East,Base,4.6,0.86,34.65,21.66,0.0,0.0,4.6,Scenario engine using processed reactor pipeline and sample/ingested context
2030,UAE,Middle East,Accelerated,4.751,0.86,35.79,22.37,0.0,0.0,4.751,Scenario engine using processed reactor pipeline and sample/ingested context
2040,UAE,Middle East,Conservative,4.449,0.86,33.52,20.95,0.0,0.0,4.449,Scenario engine using processed reactor pipeline and sample/ingested context
2040,UAE,Middle East,Base,4.6,0.86,34.65,21.66,0.0,0.0,4.6,Scenario engine using processed reactor pipeline and sample/ingested context
2040,UAE,Middle East,Accelerated,4.751,0.86,35.79,22.37,0.0,0.0,4.751,Scenario engine using processed reactor pipeline and sample/ingested context
2050,UAE,Middle East,Conservative,4.449,0.86,33.52,20.95,0.0,0.0,4.449,Scenario engine using processed reactor pipeline and sample/ingested context
2050,UAE,Middle East,Base,4.6,0.86,34.65,21.66,0.0,0.0,4.6,Scenario engine using processed reactor pipeline and sample/ingested context
2050,UAE,Middle East,Accelerated,4.751,0.86,35.79,22.37,0.0,0.0,4.751,Scenario engine using processed reactor pipeline and sample/ingested context
2030,Ukraine,Eurasia,Conservative,13.114,0.86,98.8,65.86,0.0,0.0,13.114,Scenario engine using processed reactor pipeline and sample/ingested context
2030,Ukraine,Eurasia,Base,13.114,0.86,98.8,65.86,0.0,0.0,13.114,Scenario engine using processed reactor pipeline and sample/ingested context
2030,Ukraine,Eurasia,Accelerated,13.114,0.86,98.8,65.86,0.0,0.0,13.114,Scenario engine using processed reactor pipeline and sample/ingested context
2040,Ukraine,Eurasia,Conservative,13.114,0.86,98.8,65.86,0.0,0.0,13.114,Scenario engine using processed reactor pipeline and sample/ingested context
2040,Ukraine,Eurasia,Base,13.114,0.86,98.8,65.86,0.0,0.0,13.114,Scenario engine using processed reactor pipeline and sample/ingested context
2040,Ukraine,Eurasia,Accelerated,13.114,0.86,98.8,65.86,0.0,0.0,13.114,Scenario engine using processed reactor pipeline and sample/ingested context
2050,Ukraine,Eurasia,Conservative,13.114,0.86,98.8,65.86,0.0,0.0,13.114,Scenario engine using processed reactor pipeline and sample/ingested context
2050,Ukraine,Eurasia,Base,13.114,0.86,98.8,65.86,0.0,0.0,13.114,Scenario engine using processed reactor pipeline and sample/ingested context
2050,Ukraine,Eurasia,Accelerated,13.114,0.86,98.8,65.86,0.0,0.0,13.114,Scenario engine using processed reactor pipeline and sample/ingested context
2030,United Kingdom,Europe,Conservative,6.404,0.86,48.24,15.32,0.0,0.0,6.404,Scenario engine using processed reactor pipeline and sample/ingested context
2030,United Kingdom,Europe,Base,6.984,0.86,52.62,16.7,0.0,0.0,6.984,Scenario engine using processed reactor pipeline and sample/ingested context
2030,United Kingdom,Europe,Accelerated,7.564,0.86,56.99,18.09,0.0,0.0,7.564,Scenario engine using processed reactor pipeline and sample/ingested context
2040,United Kingdom,Europe,Conservative,6.404,0.86,48.24,15.32,0.0,0.0,6.404,Scenario engine using processed reactor pipeline and sample/ingested context
2040,United Kingdom,Europe,Base,6.984,0.86,52.62,16.7,0.0,0.0,6.984,Scenario engine using processed reactor pipeline and sample/ingested context
2040,United Kingdom,Europe,Accelerated,7.564,0.86,56.99,18.09,0.0,0.0,7.564,Scenario engine using processed reactor pipeline and sample/ingested context
2050,United Kingdom,Europe,Conservative,6.912,0.86,52.07,16.53,0.0,0.0,6.912,Scenario engine using processed reactor pipeline and sample/ingested context
2050,United Kingdom,Europe,Base,7.678,0.86,57.84,18.36,0.0,0.0,7.678,Scenario engine using processed reactor pipeline and sample/ingested context
2050,United Kingdom,Europe,Accelerated,8.443,0.86,63.6,20.19,0.0,0.0,8.443,Scenario engine using processed reactor pipeline and sample/ingested context
2030,United States,North America,Conservative,80.092,0.86,603.38,14.03,0.0,0.0,80.092,Scenario engine using processed reactor pipeline and sample/ingested context
2030,United States,North America,Base,80.092,0.86,603.38,14.03,0.0,0.0,80.092,Scenario engine using processed reactor pipeline and sample/ingested context
2030,United States,North America,Accelerated,80.092,0.86,603.38,14.03,0.0,0.0,80.092,Scenario engine using processed reactor pipeline and sample/ingested context
2040,United States,North America,Conservative,80.092,0.86,603.38,14.03,0.0,0.0,80.092,Scenario engine using processed reactor pipeline and sample/ingested context
2040,United States,North America,Base,80.092,0.86,603.38,14.03,0.0,0.0,80.092,Scenario engine using processed reactor pipeline and sample/ingested context
2040,United States,North America,Accelerated,80.092,0.86,603.38,14.03,0.0,0.0,80.092,Scenario engine using processed reactor pipeline and sample/ingested context
2050,United States,North America,Conservative,80.273,0.86,604.74,14.06,0.165,0.19,79.918,Scenario engine using processed reactor pipeline and sample/ingested context
2050,United States,North America,Base,80.339,0.86,605.24,14.08,0.225,0.259,79.855,Scenario engine using processed reactor pipeline and sample/ingested context
2050,United States,North America,Accelerated,80.405,0.86,605.74,14.09,0.285,0.328,79.792,Scenario engine using processed reactor pipeline and sample/ingested context
