country,year,target_year,nuclear_share_t,target_nuclear_share,predicted_nuclear_share,residual,split
Africa (Ember),2002,2007,2.458,1.855,2.5,0.645,train
Africa (Ember),2003,2008,2.486,2.091,2.5,0.4089999999999998,train
Africa (Ember),2004,2009,2.475,2.051,1.9,-0.15100000000000025,train
Africa (Ember),2005,2010,2.013,2.012,1.51,-0.502,train
Africa (Ember),2006,2011,1.709,1.873,1.81,-0.06299999999999994,train
Africa (Ember),2007,2012,1.855,1.788,2.1,0.31200000000000006,train
Africa (Ember),2008,2013,2.091,1.904,2.1,0.19600000000000017,train
Africa (Ember),2009,2014,2.051,1.795,1.51,-0.2849999999999999,train
Africa (Ember),2010,2015,2.012,1.549,1.51,-0.038999999999999924,train
Africa (Ember),2011,2016,1.873,1.865,1.51,-0.355,test
Africa (Ember),2012,2017,1.788,1.719,1.51,-0.20900000000000007,test
Africa (Ember),2013,2018,1.904,1.353,1.51,0.15700000000000003,test
Africa (Ember),2014,2019,1.795,1.512,1.42,-0.09200000000000008,test
Africa (Ember),2015,2020,1.549,1.15,1.29,0.14000000000000012,test
Africa (Ember),2016,2021,1.865,1.363,1.58,0.21700000000000008,test
Africa (Ember),2017,2022,1.719,1.094,1.19,0.09599999999999986,test
Africa (Ember),2018,2023,1.353,0.87,1.85,0.9800000000000001,test
Africa (Ember),2019,2024,1.512,0.808,2.32,1.5119999999999998,test
Africa (Ember),2020,2025,1.15,1.023,1.73,0.7070000000000001,test
Argentina,1980,1985,,12.727,9.91,-2.817,train
Argentina,1981,1986,,11.65,14.1,2.4499999999999993,train
Argentina,1982,1987,,12.405,9.45,-2.955,train
Argentina,1983,1988,,11.044,14.33,3.2859999999999996,train
Argentina,1984,1989,,9.907,20.9,10.992999999999999,train
Argentina,1985,1990,12.727,14.275,15.04,0.7649999999999988,train
Argentina,1986,1991,11.65,14.402,13.39,-1.0119999999999987,train
Argentina,1987,1992,12.405,12.621,12.6,-0.021000000000000796,train
Argentina,1988,1993,11.044,12.527,10.47,-2.0569999999999986,train
Argentina,1989,1994,9.907,12.549,10.96,-1.5889999999999986,train
Argentina,1990,1995,14.275,10.52,14.25,3.7300000000000004,train
Argentina,1991,1996,14.402,10.692,13.84,3.1479999999999997,train
Argentina,1992,1997,12.621,10.986,12.73,1.7439999999999998,train
Argentina,1993,1998,12.527,10.049,12.8,2.7510000000000012,train
Argentina,1994,1999,12.549,8.801,12.82,4.019,train
Argentina,1995,2000,10.52,6.945,10.11,3.164999999999999,train
Argentina,1996,2001,10.692,7.832,10.79,2.9579999999999993,train
Argentina,1997,2002,10.986,6.88,10.92,4.04,train
Argentina,1998,2003,10.049,8.222,10.79,2.5679999999999996,train
Argentina,1999,2004,8.801,7.85,6.53,-1.3199999999999994,train
Argentina,2000,2005,6.945,6.496,5.64,-0.8560000000000008,train
Argentina,2001,2006,7.832,6.806,6.3,-0.5060000000000002,train
Argentina,2002,2007,6.88,6.387,5.99,-0.39699999999999935,train
Argentina,2003,2008,8.222,6.062,8.02,1.9579999999999993,train
Argentina,2004,2009,7.85,6.687,7.68,0.9929999999999994,train
Argentina,2005,2010,6.496,5.722,6.86,1.138,train
Argentina,2006,2011,6.806,4.942,6.23,1.2880000000000003,train
Argentina,2007,2012,6.387,4.705,6.23,1.5250000000000004,train
Argentina,2008,2013,6.062,4.453,6.11,1.657,train
Argentina,2009,2014,6.687,3.977,5.76,1.783,train
Argentina,2010,2015,5.722,4.841,5.85,1.0089999999999995,train
Argentina,2011,2016,4.942,5.626,4.46,-1.1660000000000004,test
Argentina,2012,2017,4.705,4.182,3.81,-0.37200000000000033,test
Argentina,2013,2018,4.453,4.68,4.35,-0.33000000000000007,test
Argentina,2014,2019,3.977,6.049,3.02,-3.0290000000000004,test
Argentina,2015,2020,4.841,6.921,4.46,-2.4610000000000003,test
Argentina,2016,2021,5.626,6.641,5.69,-0.9509999999999996,test
Argentina,2017,2022,4.182,5.13,4.46,-0.6699999999999999,test
Argentina,2018,2023,4.68,6.031,3.81,-2.2209999999999996,test
Argentina,2019,2024,6.049,6.852,5.69,-1.162,test
Argentina,2020,2025,6.921,7.026,5.41,-1.6159999999999997,test
Armenia,1995,2000,,31.834,36.12,4.285999999999998,train
Armenia,1996,2001,,34.669,37.36,2.6910000000000025,train
Armenia,1997,2002,,39.36,37.58,-1.7800000000000011,train
Armenia,1998,2003,,34.34,36.29,1.9499999999999957,train
Armenia,1999,2004,,37.997,38.09,0.09300000000000352,train
Armenia,2000,2005,31.834,41.118,39.58,-1.5380000000000038,train
Armenia,2001,2006,34.669,42.382,38.82,-3.5619999999999976,train
Armenia,2002,2007,39.36,41.446,40.65,-0.7959999999999994,train
Armenia,2003,2008,34.34,38.475,38.11,-0.365000000000002,train
Armenia,2004,2009,37.997,42.096,41.28,-0.8159999999999954,train
Armenia,2005,2010,41.118,36.523,36.5,-0.02300000000000324,train
Armenia,2006,2011,42.382,32.732,34.55,1.8179999999999978,train
Armenia,2007,2012,41.446,27.11,30.72,3.6099999999999994,train
Armenia,2008,2013,38.475,28.972,34.15,5.177999999999997,train
Armenia,2009,2014,42.096,30.146,32.06,1.9140000000000015,train
Armenia,2010,2015,36.523,34.04,35.66,1.6199999999999974,train
Armenia,2011,2016,32.732,30.845,31.97,1.125,test
Armenia,2012,2017,27.11,32.005,22.82,-9.185000000000002,test
Armenia,2013,2018,28.972,25.033,26.05,1.0169999999999995,test
Armenia,2014,2019,30.146,27.103,25.79,-1.3130000000000024,test
Armenia,2015,2020,34.04,33.377,33.44,0.06299999999999528,test
Armenia,2016,2021,30.845,23.964,27.64,3.676000000000002,test
Armenia,2017,2022,32.005,26.619,33.87,7.250999999999998,test
Armenia,2018,2023,25.033,29.017,20.41,-8.607,test
Armenia,2019,2024,27.103,29.125,21.53,-7.594999999999999,test
Armenia,2020,2025,33.377,26.955,33.42,6.465000000000003,test
Asia (Ember),2002,2007,11.152,7.898,9.84,1.9420000000000002,train
Asia (Ember),2003,2008,9.234,7.361,9.84,2.479,train
Asia (Ember),2004,2009,9.688,7.469,9.84,2.3709999999999996,train
Asia (Ember),2005,2010,9.42,7.165,9.84,2.675,train
Asia (Ember),2006,2011,8.943,5.522,5.76,0.23799999999999955,train
Asia (Ember),2007,2012,7.898,3.774,4.79,1.016,train
Asia (Ember),2008,2013,7.361,3.551,4.09,0.5389999999999997,train
Asia (Ember),2009,2014,7.469,3.634,4.23,0.5960000000000005,train
Asia (Ember),2010,2015,7.165,4.071,3.98,-0.09099999999999975,train
Asia (Ember),2011,2016,5.522,4.303,3.98,-0.32299999999999995,test
Asia (Ember),2012,2017,3.774,4.289,2.7,-1.5889999999999995,test
Asia (Ember),2013,2018,3.551,4.501,2.7,-1.8010000000000002,test
Asia (Ember),2014,2019,3.634,5.096,2.7,-2.396,test
Asia (Ember),2015,2020,4.071,5.083,3.81,-1.2730000000000001,test
Asia (Ember),2016,2021,4.303,5.125,4.23,-0.8949999999999996,test
Asia (Ember),2017,2022,4.289,5.098,4.23,-0.8679999999999994,test
Asia (Ember),2018,2023,4.501,5.138,4.23,-0.9079999999999995,test
Asia (Ember),2019,2024,5.096,5.068,4.47,-0.5979999999999999,test
Asia (Ember),2020,2025,5.083,5.08,4.47,-0.6100000000000003,test
Belarus,1987,1992,0.0,0.0,4.4,4.4,train
Belarus,1988,1993,0.0,0.0,3.51,3.51,train
Belarus,1989,1994,0.0,0.0,3.06,3.06,train
Belarus,1990,1995,0.0,0.0,2.78,2.78,train
Belarus,1991,1996,0.0,0.0,2.78,2.78,train
Belarus,1992,1997,0.0,0.0,2.34,2.34,train
Belarus,1993,1998,0.0,0.0,0.86,0.86,train
Belarus,1994,1999,0.0,0.0,0.91,0.91,train
Belarus,1995,2000,0.0,0.0,0.91,0.91,train
Belarus,1996,2001,0.0,0.0,1.6,1.6,train
Belarus,1997,2002,0.0,0.0,2.68,2.68,train
Belarus,1998,2003,0.0,0.0,3.49,3.49,train
Belarus,1999,2004,0.0,0.0,3.19,3.19,train
Belarus,2000,2005,0.0,0.0,1.96,1.96,train
Belarus,2001,2006,0.0,0.0,1.96,1.96,train
Belarus,2002,2007,0.0,0.0,3.08,3.08,train
Belarus,2003,2008,0.0,0.0,1.3,1.3,train
Belarus,2004,2009,0.0,0.0,0.9,0.9,train
Belarus,2005,2010,0.0,0.0,0.9,0.9,train
Belarus,2006,2011,0.0,0.0,0.9,0.9,train
Belarus,2007,2012,0.0,0.0,0.9,0.9,train
Belarus,2008,2013,0.0,0.0,0.9,0.9,train
Belarus,2009,2014,0.0,0.0,0.4,0.4,train
Belarus,2010,2015,0.0,0.0,0.85,0.85,train
Belarus,2011,2016,0.0,0.0,0.85,0.85,test
Belarus,2012,2017,0.0,0.0,0.77,0.77,test
Belarus,2013,2018,0.0,0.0,1.25,1.25,test
Belarus,2014,2019,0.0,0.0,1.44,1.44,test
Belarus,2015,2020,0.0,0.882,0.55,-0.33199999999999996,test
Belarus,2016,2021,0.0,14.012,0.5,-13.512,test
Belarus,2017,2022,0.0,12.587,0.99,-11.597,test
Belarus,2018,2023,0.0,28.103,1.63,-26.473000000000003,test
Belarus,2019,2024,0.0,34.243,1.36,-32.883,test
Belarus,2020,2025,0.882,36.597,2.26,-34.337,test
Belgium,1980,1985,,60.363,48.64,-11.722999999999999,train
Belgium,1981,1986,,67.138,46.62,-20.518000000000008,train
Belgium,1982,1987,,66.228,43.81,-22.417999999999992,train
Belgium,1983,1988,,65.957,47.19,-18.766999999999996,train
Belgium,1984,1989,,61.02,42.48,-18.540000000000006,train
Belgium,1985,1990,60.363,60.777,64.11,3.3329999999999984,train
Belgium,1986,1991,67.138,60.205,62.23,2.0249999999999986,train
Belgium,1987,1992,66.228,60.851,60.0,-0.8509999999999991,train
Belgium,1988,1993,65.957,59.832,58.73,-1.1020000000000039,train
Belgium,1989,1994,61.02,56.939,58.25,1.311,train
Belgium,1990,1995,60.777,56.257,57.71,1.453000000000003,train
Belgium,1991,1996,60.205,57.679,58.53,0.8509999999999991,train
Belgium,1992,1997,60.851,60.876,58.82,-2.0559999999999974,train
Belgium,1993,1998,59.832,56.243,58.13,1.8870000000000005,train
Belgium,1994,1999,56.939,58.798,54.96,-3.838000000000001,train
Belgium,1995,2000,56.257,58.171,54.23,-3.9410000000000025,train
Belgium,1996,2001,57.679,58.947,57.44,-1.507000000000005,train
Belgium,1997,2002,60.876,58.512,56.21,-2.3019999999999996,train
Belgium,1998,2003,56.243,56.695,53.09,-3.604999999999997,train
Belgium,1999,2004,58.798,57.062,56.27,-0.7919999999999945,train
Belgium,2000,2005,58.171,56.411,55.59,-0.820999999999998,train
Belgium,2001,2006,58.947,55.976,57.35,1.3740000000000023,train
Belgium,2002,2007,58.512,55.558,56.79,1.2319999999999993,train
Belgium,2003,2008,56.695,54.864,53.58,-1.283999999999999,train
Belgium,2004,2009,57.062,52.607,53.17,0.5630000000000024,train
Belgium,2005,2010,56.411,51.526,52.17,0.6439999999999984,train
Belgium,2006,2011,55.976,54.021,55.41,1.3889999999999958,train
Belgium,2007,2012,55.558,49.43,55.41,5.979999999999997,train
Belgium,2008,2013,54.864,52.032,52.55,0.5180000000000007,train
Belgium,2009,2014,52.607,47.331,46.45,-0.8810000000000002,train
Belgium,2010,2015,51.526,38.141,38.5,0.35900000000000176,train
Belgium,2011,2016,54.021,51.619,46.17,-5.448999999999998,test
Belgium,2012,2017,49.43,49.484,39.45,-10.033999999999999,test
Belgium,2013,2018,52.032,38.717,39.18,0.46300000000000097,test
Belgium,2014,2019,47.331,46.952,37.07,-9.881999999999998,test
Belgium,2015,2020,38.141,38.996,31.68,-7.3160000000000025,test
Belgium,2016,2021,51.619,50.634,39.71,-10.924,test
Belgium,2017,2022,49.484,46.518,37.97,-8.548000000000002,test
Belgium,2018,2023,38.717,40.095,32.42,-7.674999999999997,test
Belgium,2019,2024,46.952,41.113,37.75,-3.3629999999999995,test
Belgium,2020,2025,38.996,33.077,38.79,5.713000000000001,test
Brazil,1980,1985,,1.746,3.0,1.254,train
Brazil,1981,1986,,0.071,2.5,2.429,train
Brazil,1982,1987,,0.479,2.12,1.641,train
Brazil,1983,1988,,0.283,0.86,0.577,train
Brazil,1984,1989,,0.825,3.79,2.965,train
Brazil,1985,1990,1.746,1.004,1.32,0.31600000000000006,train
Brazil,1986,1991,0.071,0.615,-0.03,-0.645,train
Brazil,1987,1992,0.479,0.728,0.39,-0.33799999999999997,train
Brazil,1988,1993,0.283,0.175,0.11,-0.06499999999999999,train
Brazil,1989,1994,0.825,0.021,1.56,1.5390000000000001,train
Brazil,1990,1995,1.004,0.914,1.44,0.5259999999999999,train
Brazil,1991,1996,0.615,0.833,1.58,0.7470000000000001,train
Brazil,1992,1997,0.728,1.029,1.37,0.3410000000000002,train
Brazil,1993,1998,0.175,1.015,0.39,-0.6249999999999999,train
Brazil,1994,1999,0.021,1.188,0.54,-0.6479999999999999,train
Brazil,1995,2000,0.914,1.734,2.07,0.33599999999999985,train
Brazil,1996,2001,0.833,4.346,2.65,-1.6960000000000002,train
Brazil,1997,2002,1.029,4.003,2.26,-1.7430000000000003,train
Brazil,1998,2003,1.015,3.666,2.66,-1.0059999999999998,train
Brazil,1999,2004,1.188,2.996,2.66,-0.33599999999999985,train
Brazil,2000,2005,1.734,2.444,2.6,0.15600000000000014,train
Brazil,2001,2006,4.346,3.278,5.03,1.7520000000000002,train
Brazil,2002,2007,4.003,2.774,3.48,0.706,train
Brazil,2003,2008,3.666,3.016,4.32,1.3040000000000003,train
Brazil,2004,2009,2.996,2.78,2.92,0.14000000000000012,train
Brazil,2005,2010,2.444,2.815,3.27,0.45500000000000007,train
Brazil,2006,2011,3.278,2.945,3.32,0.375,train
Brazil,2007,2012,2.774,2.903,2.7,-0.20299999999999985,train
Brazil,2008,2013,3.016,2.707,2.73,0.02300000000000013,train
Brazil,2009,2014,2.78,2.604,3.29,0.6859999999999999,train
Brazil,2010,2015,2.815,2.534,2.7,0.16600000000000037,train
Brazil,2011,2016,2.945,2.74,3.21,0.46999999999999975,test
Brazil,2012,2017,2.903,2.671,3.98,1.3090000000000002,test
Brazil,2013,2018,2.707,2.606,3.06,0.4540000000000002,test
Brazil,2014,2019,2.604,2.547,3.15,0.6029999999999998,test
Brazil,2015,2020,2.534,2.235,2.92,0.685,test
Brazil,2016,2021,2.74,2.239,3.62,1.3810000000000002,test
Brazil,2017,2022,2.671,2.15,4.45,2.3000000000000003,test
Brazil,2018,2023,2.606,2.048,3.89,1.842,test
Brazil,2019,2024,2.547,2.116,4.38,2.264,test
Brazil,2020,2025,2.235,2.115,2.83,0.7149999999999999,test
Bulgaria,1980,1985,,31.541,36.33,4.788999999999998,train
Bulgaria,1981,1986,,28.862,36.92,8.058000000000003,train
Bulgaria,1982,1987,,28.606,36.92,8.314,train
Bulgaria,1983,1988,,35.606,37.05,1.4439999999999955,train
Bulgaria,1984,1989,,32.857,36.33,3.472999999999999,train
Bulgaria,1985,1990,31.541,34.988,40.02,5.032000000000004,train
Bulgaria,1986,1991,28.862,32.391,35.82,3.429000000000002,train
Bulgaria,1987,1992,28.606,32.59,35.08,2.489999999999995,train
Bulgaria,1988,1993,35.606,36.919,41.19,4.271000000000001,train
Bulgaria,1989,1994,32.857,40.39,39.53,-0.8599999999999994,train
Bulgaria,1990,1995,34.988,41.441,39.97,-1.4710000000000036,train
Bulgaria,1991,1996,32.391,42.362,39.06,-3.3019999999999996,train
Bulgaria,1992,1997,32.59,41.686,38.22,-3.466000000000001,train
Bulgaria,1993,1998,36.919,40.802,40.6,-0.20199999999999818,train
Bulgaria,1994,1999,40.39,41.682,41.19,-0.49200000000000443,train
Bulgaria,1995,2000,41.441,44.789,42.54,-2.2490000000000023,train
Bulgaria,1996,2001,42.362,45.005,44.55,-0.4550000000000054,train
Bulgaria,1997,2002,41.686,48.051,42.58,-5.471000000000004,train
Bulgaria,1998,2003,40.802,40.87,39.78,-1.0899999999999963,train
Bulgaria,1999,2004,41.682,40.667,41.86,1.1929999999999978,train
Bulgaria,2000,2005,44.789,42.493,43.03,0.536999999999999,train
Bulgaria,2001,2006,45.005,42.892,43.0,0.10799999999999699,train
Bulgaria,2002,2007,48.051,34.19,42.35,8.160000000000004,train
Bulgaria,2003,2008,40.87,35.446,39.21,3.764000000000003,train
Bulgaria,2004,2009,40.667,36.067,39.81,3.743000000000002,train
Bulgaria,2005,2010,42.493,33.203,38.47,5.266999999999996,train
Bulgaria,2006,2011,42.892,32.646,38.73,6.083999999999996,train
Bulgaria,2007,2012,34.19,33.965,33.8,-0.16500000000000625,train
Bulgaria,2008,2013,35.446,32.938,35.55,2.6119999999999948,train
Bulgaria,2009,2014,36.067,33.824,36.28,2.456000000000003,train
Bulgaria,2010,2015,33.203,31.575,36.04,4.465,train
Bulgaria,2011,2016,32.646,35.437,36.97,1.5330000000000013,test
Bulgaria,2012,2017,33.965,34.679,36.92,2.2409999999999997,test
Bulgaria,2013,2018,32.938,34.681,36.12,1.439,test
Bulgaria,2014,2019,33.824,37.877,36.87,-1.007000000000005,test
Bulgaria,2015,2020,31.575,41.43,34.65,-6.780000000000001,test
Bulgaria,2016,2021,35.437,34.922,35.22,0.2980000000000018,test
Bulgaria,2017,2022,34.679,32.737,36.3,3.5629999999999953,test
Bulgaria,2018,2023,34.681,40.319,36.4,-3.919000000000004,test
Bulgaria,2019,2024,37.877,41.201,36.88,-4.320999999999998,test
Bulgaria,2020,2025,41.43,39.12,40.43,1.3100000000000023,test
Canada,1980,1985,,13.185,22.15,8.964999999999998,train
Canada,1981,1986,,15.209,20.63,5.420999999999999,train
Canada,1982,1987,,15.564,21.57,6.006,train
Canada,1983,1988,,16.376,20.78,4.404,train
Canada,1984,1989,,15.924,20.89,4.966000000000001,train
Canada,1985,1990,13.185,15.077,15.26,0.18299999999999983,train
Canada,1986,1991,15.209,16.635,16.52,-0.11500000000000199,train
Canada,1987,1992,15.564,15.43,14.6,-0.8300000000000001,train
Canada,1988,1993,16.376,17.593,15.64,-1.9529999999999994,train
Canada,1989,1994,15.924,19.362,16.18,-3.1819999999999986,train
Canada,1990,1995,15.077,17.417,15.97,-1.447000000000001,train
Canada,1991,1996,16.635,16.116,16.76,0.6440000000000019,train
Canada,1992,1997,15.43,14.319,16.66,2.3409999999999993,train
Canada,1993,1998,17.593,12.632,14.37,1.7379999999999995,train
Canada,1994,1999,19.362,12.631,19.01,6.379000000000001,train
Canada,1995,2000,17.417,11.972,15.32,3.3480000000000008,train
Canada,1996,2001,16.116,12.958,16.96,4.002000000000001,train
Canada,1997,2002,14.319,12.504,13.26,0.7560000000000002,train
Canada,1998,2003,12.632,12.642,12.54,-0.10200000000000031,train
Canada,1999,2004,12.631,14.997,13.12,-1.8770000000000007,train
Canada,2000,2005,11.972,14.73,12.92,-1.8100000000000005,train
Canada,2001,2006,12.958,15.989,14.19,-1.7990000000000013,train
Canada,2002,2007,12.504,14.638,12.76,-1.8780000000000001,train
Canada,2003,2008,12.642,15.013,13.3,-1.7129999999999992,train
Canada,2004,2009,14.997,14.573,13.86,-0.713000000000001,train
Canada,2005,2010,14.73,14.831,13.1,-1.7309999999999999,train
Canada,2006,2011,15.989,14.561,15.45,0.8889999999999993,train
Canada,2007,2012,14.638,14.799,13.64,-1.158999999999999,train
Canada,2008,2013,15.013,15.666,16.47,0.8039999999999985,train
Canada,2009,2014,14.573,16.316,14.71,-1.605999999999998,train
Canada,2010,2015,14.831,15.293,13.48,-1.8129999999999988,train
Canada,2011,2016,14.561,15.098,13.1,-1.998000000000001,test
Canada,2012,2017,14.799,15.03,13.64,-1.3899999999999988,test
Canada,2013,2018,15.666,15.129,15.99,0.8610000000000007,test
Canada,2014,2019,16.316,15.326,15.56,0.23399999999999999,test
Canada,2015,2020,15.293,14.867,15.89,1.0229999999999997,test
Canada,2016,2021,15.098,14.099,16.47,2.3709999999999987,test
Canada,2017,2022,15.03,13.045,14.9,1.8550000000000004,test
Canada,2018,2023,15.129,13.787,14.9,1.1129999999999995,test
Canada,2019,2024,15.326,13.422,16.14,2.718,test
Canada,2020,2025,14.867,13.077,14.82,1.7430000000000003,test
Central America (EI),1980,1985,,0.0,3.56,3.56,train
Central America (EI),1981,1986,,0.0,3.56,3.56,train
Central America (EI),1982,1987,,0.0,3.56,3.56,train
Central America (EI),1983,1988,,0.0,3.56,3.56,train
Central America (EI),1984,1989,,0.0,3.56,3.56,train
Central America (EI),1985,1990,0.0,0.0,0.79,0.79,train
Central America (EI),1986,1991,0.0,0.0,0.07,0.07,train
Central America (EI),1987,1992,0.0,0.0,-0.25,-0.25,train
Central America (EI),1988,1993,0.0,0.0,-0.25,-0.25,train
Central America (EI),1989,1994,0.0,0.0,-0.25,-0.25,train
Central America (EI),1990,1995,0.0,0.0,-0.25,-0.25,train
Central America (EI),1991,1996,0.0,0.0,-0.25,-0.25,train
Central America (EI),1992,1997,0.0,0.0,-0.25,-0.25,train
Central America (EI),1993,1998,0.0,0.0,-0.25,-0.25,train
Central America (EI),1994,1999,0.0,0.0,-0.25,-0.25,train
Central America (EI),1995,2000,0.0,0.0,-0.25,-0.25,train
Central America (EI),1996,2001,0.0,0.0,-0.25,-0.25,train
Central America (EI),1997,2002,0.0,0.0,-0.25,-0.25,train
Central America (EI),1998,2003,0.0,0.0,-0.25,-0.25,train
Central America (EI),1999,2004,0.0,0.0,-0.25,-0.25,train
Central America (EI),2000,2005,0.0,0.0,-0.25,-0.25,train
Central America (EI),2001,2006,0.0,0.0,-0.25,-0.25,train
Central America (EI),2002,2007,0.0,0.0,-0.25,-0.25,train
Central America (EI),2003,2008,0.0,0.0,-0.25,-0.25,train
Central America (EI),2004,2009,0.0,0.0,-0.25,-0.25,train
Central America (EI),2005,2010,0.0,0.0,-0.25,-0.25,train
Central America (EI),2006,2011,0.0,0.0,-0.25,-0.25,train
Central America (EI),2007,2012,0.0,0.0,-0.25,-0.25,train
Central America (EI),2008,2013,0.0,0.0,-0.25,-0.25,train
Central America (EI),2009,2014,0.0,0.0,-0.25,-0.25,train
Central America (EI),2010,2015,0.0,0.0,-0.25,-0.25,train
Central America (EI),2011,2016,0.0,0.0,-0.25,-0.25,test
Central America (EI),2012,2017,0.0,0.0,-0.25,-0.25,test
Central America (EI),2013,2018,0.0,0.0,-0.25,-0.25,test
Central America (EI),2014,2019,0.0,0.0,-0.25,-0.25,test
Central America (EI),2015,2020,0.0,0.0,-0.25,-0.25,test
Central America (EI),2016,2021,0.0,0.0,-0.25,-0.25,test
Central America (EI),2017,2022,0.0,0.0,-0.25,-0.25,test
Central America (EI),2018,2023,0.0,0.0,-0.25,-0.25,test
Central America (EI),2019,2024,0.0,0.0,-0.25,-0.25,test
China,1980,1985,,0.0,0.47,0.47,train
China,1981,1986,,0.0,0.47,0.47,train
China,1982,1987,,0.0,0.67,0.67,train
China,1983,1988,,0.0,0.75,0.75,train
China,1984,1989,,0.0,1.62,1.62,train
China,1985,1990,0.0,0.0,-0.85,-0.85,train
China,1986,1991,0.0,0.0,-1.02,-1.02,train
China,1987,1992,0.0,0.0,0.2,0.2,train
China,1988,1993,0.0,0.198,-0.05,-0.248,train
China,1989,1994,0.0,1.59,-0.24,-1.83,train
China,1990,1995,0.0,1.274,-0.33,-1.604,train
China,1991,1996,0.0,1.326,-0.05,-1.3760000000000001,train
China,1992,1997,0.0,1.27,-0.05,-1.32,train
China,1993,1998,0.198,1.208,1.86,0.6520000000000001,train
China,1994,1999,1.59,1.206,3.15,1.944,train
China,1995,2000,1.274,1.235,2.77,1.535,train
China,1996,2001,1.326,1.18,2.57,1.39,train
China,1997,2002,1.27,1.519,2.48,0.9610000000000001,train
China,1998,2003,1.208,2.268,3.26,0.992,train
China,1999,2004,1.206,2.291,2.48,0.18900000000000006,train
China,2000,2005,1.235,2.123,2.28,0.15699999999999958,train
China,2001,2006,1.18,1.914,2.81,0.8960000000000001,train
China,2002,2007,1.519,1.893,2.67,0.7769999999999999,train
China,2003,2008,2.268,1.956,2.28,0.32399999999999984,train
China,2004,2009,2.291,1.886,2.66,0.7740000000000002,train
China,2005,2010,2.123,1.776,2.22,0.4440000000000002,train
China,2006,2011,1.914,1.85,2.22,0.3700000000000001,train
China,2007,2012,1.893,1.971,2.53,0.5589999999999997,train
China,2008,2013,1.956,2.053,2.76,0.7069999999999999,train
China,2009,2014,1.886,2.299,2.76,0.46099999999999985,train
China,2010,2015,1.776,2.947,3.01,0.06299999999999972,train
China,2011,2016,1.85,3.476,1.94,-1.536,test
China,2012,2017,1.971,3.757,2.6,-1.157,test
China,2013,2018,2.053,4.117,2.22,-1.8969999999999998,test
China,2014,2019,2.299,4.647,2.66,-1.987,test
China,2015,2020,2.947,4.708,3.05,-1.6580000000000004,test
China,2016,2021,3.476,4.775,3.43,-1.3450000000000002,test
China,2017,2022,3.757,4.721,3.36,-1.3610000000000002,test
China,2018,2023,4.117,4.597,4.23,-0.367,test
China,2019,2024,4.647,4.47,4.23,-0.23999999999999932,test
China,2020,2025,4.708,4.607,4.91,0.30299999999999994,test
Czechia,1980,1985,,4.124,12.66,8.536000000000001,train
Czechia,1981,1986,,10.146,12.27,2.1239999999999988,train
Czechia,1982,1987,,17.205,12.35,-4.854999999999999,train
Czechia,1983,1988,,18.367,13.81,-4.557,train
Czechia,1984,1989,,19.066,17.25,-1.815999999999999,train
Czechia,1985,1990,4.124,20.218,11.53,-8.688,train
Czechia,1986,1991,10.146,20.116,18.08,-2.0360000000000014,train
Czechia,1987,1992,17.205,20.745,22.75,2.004999999999999,train
Czechia,1988,1993,18.367,21.527,25.78,4.253,train
Czechia,1989,1994,19.066,22.226,26.63,4.404,train
Czechia,1990,1995,20.218,20.188,23.36,3.1720000000000006,train
Czechia,1991,1996,20.116,20.132,25.01,4.878,train
Czechia,1992,1997,20.745,19.452,25.22,5.767999999999997,train
Czechia,1993,1998,21.527,20.396,25.24,4.843999999999998,train
Czechia,1994,1999,22.226,20.82,24.57,3.75,train
Czechia,1995,2000,20.188,18.642,24.28,5.638000000000002,train
Czechia,1996,2001,20.132,19.873,24.4,4.5269999999999975,train
Czechia,1997,2002,19.452,24.658,28.19,3.532,train
Czechia,1998,2003,20.396,31.248,31.74,0.49199999999999733,train
Czechia,1999,2004,20.82,31.424,30.54,-0.8840000000000003,train
Czechia,2000,2005,18.642,30.184,30.13,-0.054000000000002046,train
Czechia,2001,2006,19.873,31.138,29.66,-1.4780000000000015,train
Czechia,2002,2007,24.658,29.817,31.22,1.4029999999999987,train
Czechia,2003,2008,31.248,31.88,33.05,1.1699999999999982,train
Czechia,2004,2009,31.424,33.329,33.71,0.3810000000000002,train
Czechia,2005,2010,30.184,32.856,31.17,-1.686,train
Czechia,2006,2011,31.138,32.641,32.34,-0.3009999999999948,train
Czechia,2007,2012,29.817,35.02,31.39,-3.6300000000000026,train
Czechia,2008,2013,31.88,35.793,33.7,-2.0929999999999964,train
Czechia,2009,2014,33.329,35.691,34.54,-1.1510000000000034,train
Czechia,2010,2015,32.856,32.537,33.47,0.9329999999999998,train
Czechia,2011,2016,32.641,29.39,40.19,10.799999999999997,test
Czechia,2012,2017,35.02,33.046,42.59,9.544000000000004,test
Czechia,2013,2018,35.793,34.454,42.56,8.106000000000002,test
Czechia,2014,2019,35.691,35.289,42.49,7.2010000000000005,test
Czechia,2015,2020,32.537,37.503,39.73,2.2269999999999968,test
Czechia,2016,2021,29.39,36.732,37.84,1.108000000000004,test
Czechia,2017,2022,33.046,37.048,39.55,2.5019999999999953,test
Czechia,2018,2023,34.454,40.119,40.19,0.07099999999999795,test
Czechia,2019,2024,35.289,40.791,40.56,-0.23099999999999454,test
Czechia,2020,2025,37.503,42.305,43.26,0.9549999999999983,test
EU (Ember),1992,1997,32.929,33.851,30.05,-3.8009999999999984,train
EU (Ember),1993,1998,33.904,32.95,30.8,-2.150000000000002,train
EU (Ember),1994,1999,33.288,33.215,30.24,-2.975000000000005,train
EU (Ember),1995,2000,33.231,32.795,30.24,-2.5550000000000033,train
EU (Ember),1996,2001,33.703,32.935,30.52,-2.4150000000000027,train
EU (Ember),1997,2002,33.851,33.148,30.8,-2.3480000000000025,train
EU (Ember),1998,2003,32.95,32.4,30.24,-2.16,train
EU (Ember),1999,2004,33.215,32.378,30.24,-2.1380000000000017,train
EU (Ember),2000,2005,32.795,31.76,30.09,-1.6700000000000017,train
EU (Ember),2001,2006,32.935,31.185,30.09,-1.0949999999999989,train
EU (Ember),2002,2007,33.148,29.59,30.24,0.6499999999999986,train
EU (Ember),2003,2008,32.4,29.892,30.24,0.347999999999999,train
EU (Ember),2004,2009,32.378,29.374,30.09,0.7160000000000011,train
EU (Ember),2005,2010,31.76,29.009,30.09,1.0809999999999995,train
EU (Ember),2006,2011,31.185,28.802,27.11,-1.6920000000000002,train
EU (Ember),2007,2012,29.59,27.965,26.35,-1.6149999999999984,train
EU (Ember),2008,2013,29.892,27.958,27.17,-0.7879999999999967,train
EU (Ember),2009,2014,29.374,28.775,27.37,-1.4049999999999976,train
EU (Ember),2010,2015,29.009,27.407,27.24,-0.1670000000000016,train
EU (Ember),2011,2016,28.802,26.56,27.24,0.6799999999999997,test
EU (Ember),2012,2017,27.965,25.98,25.35,-0.629999999999999,test
EU (Ember),2013,2018,27.958,26.196,25.44,-0.7560000000000002,test
EU (Ember),2014,2019,28.775,26.625,27.24,0.6149999999999984,test
EU (Ember),2015,2020,27.407,24.827,25.52,0.6929999999999978,test
EU (Ember),2016,2021,26.56,25.451,24.82,-0.6310000000000002,test
EU (Ember),2017,2022,25.98,21.936,22.83,0.8939999999999984,test
EU (Ember),2018,2023,26.196,22.862,22.83,-0.03200000000000003,test
EU (Ember),2019,2024,26.625,23.422,24.82,1.3979999999999997,test
EU (Ember),2020,2025,24.827,23.325,22.74,-0.5850000000000009,test
Europe (Ember),2002,2007,26.909,23.991,24.5,0.5090000000000003,train
Europe (Ember),2003,2008,26.654,23.808,23.8,-0.007999999999999119,train
Europe (Ember),2004,2009,26.335,23.983,22.1,-1.8829999999999991,train
Europe (Ember),2005,2010,25.731,23.618,22.76,-0.857999999999997,train
Europe (Ember),2006,2011,25.33,23.591,22.1,-1.4909999999999997,train
Europe (Ember),2007,2012,23.991,22.988,22.01,-0.977999999999998,train
Europe (Ember),2008,2013,23.808,22.843,22.74,-0.10300000000000153,train
Europe (Ember),2009,2014,23.983,23.463,22.74,-0.7230000000000025,train
Europe (Ember),2010,2015,23.618,23.056,22.51,-0.5459999999999994,train
Europe (Ember),2011,2016,23.591,22.292,22.51,0.21799999999999997,test
Europe (Ember),2012,2017,22.988,22.137,22.51,0.3730000000000011,test
Europe (Ember),2013,2018,22.843,22.087,22.51,0.4230000000000018,test
Europe (Ember),2014,2019,23.463,22.265,22.51,0.245000000000001,test
Europe (Ember),2015,2020,23.056,21.172,22.51,1.338000000000001,test
Europe (Ember),2016,2021,22.292,21.403,22.51,1.1070000000000029,test
Europe (Ember),2017,2022,22.137,19.252,22.51,3.2580000000000027,test
Europe (Ember),2018,2023,22.087,19.393,22.51,3.117000000000001,test
Europe (Ember),2019,2024,22.265,19.604,22.51,2.9060000000000024,test
Europe (Ember),2020,2025,21.172,19.537,22.51,2.9730000000000025,test
Finland,1980,1985,,38.317,37.95,-0.36699999999999733,train
Finland,1981,1986,,38.705,39.44,0.7349999999999994,train
Finland,1982,1987,,36.799,38.56,1.7610000000000028,train
Finland,1983,1988,,36.301,38.56,2.2590000000000003,train
Finland,1984,1989,,35.529,38.06,2.530999999999999,train
Finland,1985,1990,38.317,35.357,38.46,3.1030000000000015,train
Finland,1986,1991,38.705,33.661,39.24,5.579000000000001,train
Finland,1987,1992,36.799,33.38,36.45,3.0700000000000003,train
Finland,1988,1993,36.301,32.64,34.39,1.75,train
Finland,1989,1994,35.529,29.61,34.08,4.469999999999999,train
Finland,1990,1995,35.357,30.031,34.61,4.579000000000001,train
Finland,1991,1996,33.661,28.106,33.87,5.763999999999996,train
Finland,1992,1997,33.38,30.227,35.22,4.9929999999999986,train
Finland,1993,1998,32.64,31.165,35.22,4.055,train
Finland,1994,1999,29.61,33.088,32.72,-0.3680000000000021,train
Finland,1995,2000,30.031,32.128,32.05,-0.07800000000000296,train
Finland,1996,2001,28.106,30.584,30.56,-0.02400000000000091,train
Finland,1997,2002,30.227,29.765,31.29,1.5249999999999986,train
Finland,1998,2003,31.165,26.97,30.87,3.900000000000002,train
Finland,1999,2004,33.088,26.468,32.18,5.712,train
Finland,2000,2005,32.128,32.979,32.75,-0.2289999999999992,train
Finland,2001,2006,30.584,27.841,30.3,2.4589999999999996,train
Finland,2002,2007,29.765,28.853,31.86,3.006999999999998,train
Finland,2003,2008,26.97,29.683,30.67,0.9870000000000019,train
Finland,2004,2009,26.468,32.653,30.1,-2.5529999999999973,train
Finland,2005,2010,32.979,28.274,31.93,3.655999999999999,train
Finland,2006,2011,27.841,31.551,31.71,0.15900000000000247,train
Finland,2007,2012,28.853,32.652,32.81,0.15800000000000125,train
Finland,2008,2013,29.683,33.132,33.89,0.7580000000000027,train
Finland,2009,2014,32.653,34.626,35.63,1.0040000000000049,train
Finland,2010,2015,28.274,33.887,32.98,-0.9070000000000036,train
Finland,2011,2016,31.551,33.745,35.71,1.9650000000000034,test
Finland,2012,2017,32.652,33.294,36.47,3.176000000000002,test
Finland,2013,2018,33.132,32.451,36.47,4.018999999999998,test
Finland,2014,2019,34.626,34.791,37.51,2.719000000000001,test
Finland,2015,2020,33.887,33.637,36.12,2.482999999999997,test
Finland,2016,2021,33.745,32.728,35.34,2.612000000000002,test
Finland,2017,2022,33.294,35.112,35.71,0.597999999999999,test
Finland,2018,2023,32.451,42.088,37.0,-5.088000000000001,test
Finland,2019,2024,34.791,39.491,38.02,-1.4709999999999965,test
Finland,2020,2025,33.637,39.878,37.09,-2.7879999999999967,test
France,1980,1985,,65.057,50.45,-14.607,train
France,1981,1986,,70.016,48.35,-21.666000000000004,train
France,1982,1987,,70.153,48.72,-21.433000000000007,train
France,1983,1988,,70.27,48.35,-21.919999999999995,train
France,1984,1989,,75.072,57.45,-17.622,train
France,1985,1990,65.057,75.493,76.59,1.0970000000000084,train
France,1986,1991,70.016,73.576,74.57,0.9939999999999998,train
France,1987,1992,70.153,73.81,74.19,0.37999999999999545,train
France,1988,1993,70.27,78.661,70.02,-8.641000000000005,train
France,1989,1994,75.072,76.131,74.62,-1.5109999999999957,train
France,1990,1995,75.493,77.079,75.94,-1.1389999999999958,train
France,1991,1996,73.576,78.249,73.34,-4.908999999999992,train
France,1992,1997,73.81,79.205,72.64,-6.564999999999998,train
France,1993,1998,78.661,76.688,77.12,0.43200000000000216,train
France,1994,1999,76.131,75.883,76.69,0.8070000000000022,train
France,1995,2000,77.079,77.956,76.98,-0.9759999999999991,train
France,1996,2001,78.249,77.604,78.5,0.8960000000000008,train
France,1997,2002,79.205,79.232,77.13,-2.102000000000004,train
France,1998,2003,76.688,78.885,76.1,-2.785000000000011,train
France,1999,2004,75.883,79.152,75.96,-3.1920000000000073,train
France,2000,2005,77.956,79.335,76.1,-3.2349999999999994,train
France,2001,2006,77.604,79.357,76.7,-2.6569999999999965,train
France,2002,2007,79.232,78.266,78.15,-0.11599999999999966,train
France,2003,2008,78.885,77.507,78.15,0.6430000000000007,train
France,2004,2009,79.152,77.475,75.84,-1.634999999999991,train
France,2005,2010,79.335,76.2,76.64,0.4399999999999977,train
France,2006,2011,79.357,77.934,76.32,-1.6140000000000043,train
France,2007,2012,78.266,74.952,76.21,1.2579999999999956,train
France,2008,2013,77.507,73.46,77.14,3.680000000000007,train
France,2009,2014,77.475,77.074,79.46,2.3859999999999957,train
France,2010,2015,76.2,76.189,75.86,-0.3289999999999935,train
France,2011,2016,77.934,72.149,75.86,3.7109999999999985,test
France,2012,2017,74.952,71.681,76.64,4.959000000000003,test
France,2013,2018,73.46,71.661,71.25,-0.41100000000000136,test
France,2014,2019,77.074,70.556,77.62,7.064000000000007,test
France,2015,2020,76.189,67.109,77.62,10.51100000000001,test
France,2016,2021,72.149,68.936,71.87,2.9339999999999975,test
France,2017,2022,71.681,62.916,70.52,7.603999999999999,test
France,2018,2023,71.661,65.195,70.35,5.155000000000001,test
France,2019,2024,70.556,67.722,70.52,2.798000000000002,test
France,2020,2025,67.109,68.787,72.17,3.3829999999999956,test
G20 (Ember),2002,2007,18.387,15.2,17.28,2.080000000000002,train
G20 (Ember),2003,2008,17.342,14.898,14.78,-0.11800000000000033,train
G20 (Ember),2004,2009,17.333,14.859,14.78,-0.07900000000000063,train
G20 (Ember),2005,2010,16.734,14.286,14.6,0.31400000000000006,train
G20 (Ember),2006,2011,16.297,13.16,14.6,1.4399999999999995,train
G20 (Ember),2007,2012,15.2,11.964,13.52,1.5559999999999992,train
G20 (Ember),2008,2013,14.898,11.738,12.26,0.5220000000000002,train
G20 (Ember),2009,2014,14.859,11.657,12.26,0.6029999999999998,train
G20 (Ember),2010,2015,14.286,11.805,12.26,0.45500000000000007,train
G20 (Ember),2011,2016,13.16,11.72,12.26,0.5399999999999991,test
G20 (Ember),2012,2017,11.964,11.478,12.12,0.6419999999999995,test
G20 (Ember),2013,2018,11.738,11.273,12.07,0.7970000000000006,test
G20 (Ember),2014,2019,11.657,11.541,12.07,0.5289999999999999,test
G20 (Ember),2015,2020,11.805,11.164,12.12,0.9559999999999995,test
G20 (Ember),2016,2021,11.72,10.943,12.12,1.1769999999999996,test
G20 (Ember),2017,2022,11.478,10.188,12.12,1.9319999999999986,test
G20 (Ember),2018,2023,11.273,10.148,12.12,1.9719999999999995,test
G20 (Ember),2019,2024,11.541,9.991,12.12,2.1289999999999996,test
G20 (Ember),2020,2025,11.164,9.88,12.12,2.2399999999999984,test
G7 (Ember),2002,2007,25.3,23.196,21.78,-1.4160000000000004,train
G7 (Ember),2003,2008,23.839,22.92,21.69,-1.2300000000000004,train
G7 (Ember),2004,2009,24.677,23.856,21.69,-2.1660000000000004,train
G7 (Ember),2005,2010,24.24,23.515,21.69,-1.8249999999999993,train
G7 (Ember),2006,2011,24.374,21.712,21.69,-0.021999999999998465,train
G7 (Ember),2007,2012,23.196,19.354,21.13,1.7759999999999998,train
G7 (Ember),2008,2013,22.92,19.581,21.13,1.5489999999999995,train
G7 (Ember),2009,2014,23.856,19.721,21.54,1.818999999999999,train
G7 (Ember),2010,2015,23.515,19.75,21.01,1.2600000000000016,train
G7 (Ember),2011,2016,21.712,19.41,21.35,1.9400000000000013,test
G7 (Ember),2012,2017,19.354,19.395,21.35,1.9550000000000018,test
G7 (Ember),2013,2018,19.581,19.427,21.47,2.0429999999999993,test
G7 (Ember),2014,2019,19.721,19.698,21.47,1.7719999999999985,test
G7 (Ember),2015,2020,19.75,18.926,21.47,2.5440000000000005,test
G7 (Ember),2016,2021,19.41,18.873,21.75,2.876999999999999,test
G7 (Ember),2017,2022,19.395,16.861,22.41,5.5489999999999995,test
G7 (Ember),2018,2023,19.427,17.734,22.24,4.505999999999997,test
G7 (Ember),2019,2024,19.698,17.943,22.48,4.536999999999999,test
G7 (Ember),2020,2025,18.926,17.787,20.13,2.343,test
Germany,1980,1985,,26.532,26.45,-0.08200000000000074,train
Germany,1981,1986,,24.924,28.02,3.096,train
Germany,1982,1987,,26.618,28.71,2.0920000000000023,train
Germany,1983,1988,,28.539,29.25,0.7109999999999985,train
Germany,1984,1989,,28.876,27.89,-0.9860000000000007,train
Germany,1985,1990,26.532,28.118,30.18,2.062000000000001,train
Germany,1986,1991,24.924,27.467,28.46,0.9930000000000021,train
Germany,1987,1992,26.618,29.751,30.41,0.6589999999999989,train
Germany,1988,1993,28.539,29.436,29.16,-0.2759999999999998,train
Germany,1989,1994,28.876,28.922,29.9,0.977999999999998,train
Germany,1990,1995,28.118,28.846,28.13,-0.7160000000000011,train
Germany,1991,1996,27.467,29.188,25.66,-3.5279999999999987,train
Germany,1992,1997,29.751,31.175,27.49,-3.6850000000000023,train
Germany,1993,1998,29.436,29.429,28.68,-0.7489999999999988,train
Germany,1994,1999,28.922,30.95,26.4,-4.550000000000001,train
Germany,1995,2000,28.846,29.811,26.24,-3.5710000000000015,train
Germany,1996,2001,29.188,29.589,26.7,-2.8889999999999993,train
Germany,1997,2002,31.175,28.238,26.82,-1.4179999999999993,train
Germany,1998,2003,29.429,27.417,26.06,-1.3570000000000029,train
Germany,1999,2004,30.95,27.406,25.84,-1.565999999999999,train
Germany,2000,2005,29.811,26.584,25.84,-0.7439999999999998,train
Germany,2001,2006,29.589,26.542,25.84,-0.7020000000000017,train
Germany,2002,2007,28.238,22.267,25.26,2.993000000000002,train
Germany,2003,2008,27.417,23.484,24.68,1.195999999999998,train
Germany,2004,2009,27.406,22.949,23.35,0.4009999999999998,train
Germany,2005,2010,26.584,22.518,22.65,0.1319999999999979,train
Germany,2006,2011,26.542,17.846,22.55,4.704000000000001,train
Germany,2007,2012,22.267,16.047,19.04,2.9929999999999986,train
Germany,2008,2013,23.484,15.45,19.6,4.150000000000002,train
Germany,2009,2014,22.949,15.698,20.48,4.782,train
Germany,2010,2015,22.518,14.361,18.93,4.568999999999999,train
Germany,2011,2016,17.846,13.192,17.91,4.718,test
Germany,2012,2017,16.047,11.842,17.09,5.247999999999999,test
Germany,2013,2018,15.45,12.02,15.83,3.8100000000000005,test
Germany,2014,2019,15.698,12.51,16.16,3.6500000000000004,test
Germany,2015,2020,14.361,11.36,14.5,3.1400000000000006,test
Germany,2016,2021,13.192,11.943,13.57,1.6270000000000007,test
Germany,2017,2022,11.842,6.123,12.76,6.637,test
Germany,2018,2023,12.02,1.425,14.64,13.215,test
Germany,2019,2024,12.51,0.0,14.66,14.66,test
Germany,2020,2025,11.36,0.0,15.02,15.02,test
Hungary,1980,1985,,24.185,19.5,-4.684999999999999,train
Hungary,1981,1986,,26.473,19.37,-7.102999999999998,train
Hungary,1982,1987,,36.929,19.51,-17.419,train
Hungary,1983,1988,,45.993,31.19,-14.803,train
Hungary,1984,1989,,46.935,36.27,-10.665,train
Hungary,1985,1990,24.185,48.277,38.05,-10.227000000000004,train
Hungary,1986,1991,26.473,45.828,40.14,-5.688000000000002,train
Hungary,1987,1992,36.929,44.066,39.61,-4.456000000000003,train
Hungary,1988,1993,45.993,41.933,44.78,2.8470000000000013,train
Hungary,1989,1994,46.935,41.915,44.98,3.0649999999999977,train
Hungary,1990,1995,48.277,41.24,43.9,2.6599999999999966,train
Hungary,1991,1996,45.828,40.41,42.61,2.200000000000003,train
Hungary,1992,1997,44.066,39.463,42.3,2.836999999999996,train
Hungary,1993,1998,41.933,37.5,40.71,3.210000000000001,train
Hungary,1994,1999,41.915,37.272,39.28,2.0080000000000027,train
Hungary,1995,2000,41.24,40.296,39.52,-0.7759999999999962,train
Hungary,1996,2001,40.41,38.797,40.12,1.3230000000000004,train
Hungary,1997,2002,39.463,38.589,38.27,-0.3189999999999955,train
Hungary,1998,2003,37.5,32.259,34.62,2.360999999999997,train
Hungary,1999,2004,37.272,35.331,35.6,0.26899999999999835,train
Hungary,2000,2005,40.296,38.685,38.18,-0.5050000000000026,train
Hungary,2001,2006,38.797,37.545,36.57,-0.9750000000000014,train
Hungary,2002,2007,38.589,36.737,37.0,0.2629999999999981,train
Hungary,2003,2008,32.259,37.031,36.69,-0.3410000000000011,train
Hungary,2004,2009,35.331,42.969,38.54,-4.429000000000002,train
Hungary,2005,2010,38.685,42.184,39.72,-2.4639999999999986,train
Hungary,2006,2011,37.545,43.559,39.53,-4.028999999999996,train
Hungary,2007,2012,36.737,45.609,40.67,-4.939,train
Hungary,2008,2013,37.031,50.776,39.44,-11.336000000000006,train
Hungary,2009,2014,42.969,53.249,47.04,-6.209000000000003,train
Hungary,2010,2015,42.184,52.193,41.99,-10.202999999999996,train
Hungary,2011,2016,43.559,50.345,44.47,-5.875,test
Hungary,2012,2017,45.609,48.906,48.86,-0.045999999999999375,test
Hungary,2013,2018,50.776,49.08,48.12,-0.9600000000000009,test
Hungary,2014,2019,53.249,47.52,53.48,5.959999999999994,test
Hungary,2015,2020,52.193,45.991,48.16,2.168999999999997,test
Hungary,2016,2021,50.345,44.294,48.15,3.8560000000000016,test
Hungary,2017,2022,48.906,44.187,44.7,0.5130000000000052,test
Hungary,2018,2023,49.08,44.795,44.09,-0.7049999999999983,test
Hungary,2019,2024,47.52,42.158,43.56,1.402000000000001,test
Hungary,2020,2025,45.991,40.01,47.14,7.130000000000003,test
India,1980,1985,,2.419,2.12,-0.29899999999999993,train
India,1981,1986,,2.477,1.95,-0.5269999999999999,train
India,1982,1987,,2.379,1.83,-0.5489999999999999,train
India,1983,1988,,2.518,6.61,4.0920000000000005,train
India,1984,1989,,1.476,9.5,8.024000000000001,train
India,1985,1990,2.419,2.222,2.04,-0.18199999999999994,train
India,1986,1991,2.477,1.689,2.03,0.34099999999999975,train
India,1987,1992,2.379,1.899,3.13,1.2309999999999999,train
India,1988,1993,2.518,1.719,3.13,1.4109999999999998,train
India,1989,1994,1.476,1.275,2.11,0.835,train
India,1990,1995,2.222,1.783,2.89,1.1070000000000002,train
India,1991,1996,1.689,1.896,2.37,0.4740000000000002,train
India,1992,1997,1.899,2.147,2.66,0.5130000000000003,train
India,1993,1998,1.719,2.251,2.36,0.10899999999999999,train
India,1994,1999,1.275,2.325,2.64,0.31499999999999995,train
India,1995,2000,1.783,2.76,3.33,0.5700000000000003,train
India,1996,2001,1.896,3.223,3.51,0.2869999999999999,train
India,1997,2002,2.147,3.174,3.75,0.5760000000000001,train
India,1998,2003,2.251,2.843,3.75,0.907,train
India,1999,2004,2.325,3.044,3.9,0.8559999999999999,train
India,2000,2005,2.76,2.517,3.32,0.8029999999999999,train
India,2001,2006,3.223,2.368,3.37,1.0020000000000002,train
India,2002,2007,3.174,2.239,2.85,0.6110000000000002,train
India,2003,2008,2.843,1.838,2.86,1.0219999999999998,train
India,2004,2009,3.044,1.914,3.01,1.0959999999999999,train
India,2005,2010,2.517,2.465,2.93,0.4650000000000003,train
India,2006,2011,2.368,3.121,2.93,-0.19099999999999984,train
India,2007,2012,2.239,3.045,2.77,-0.2749999999999999,train
India,2008,2013,1.838,2.919,2.02,-0.899,train
India,2009,2014,1.914,2.756,3.02,0.26400000000000023,train
India,2010,2015,2.465,2.923,3.91,0.9870000000000001,train
India,2011,2016,3.121,2.717,2.71,-0.007000000000000117,test
India,2012,2017,3.045,2.558,2.58,0.02200000000000024,test
India,2013,2018,2.919,2.485,2.23,-0.2549999999999999,test
India,2014,2019,2.756,2.821,2.08,-0.7410000000000001,test
India,2015,2020,2.923,2.853,2.83,-0.02300000000000013,test
India,2016,2021,2.717,2.616,2.67,0.053999999999999826,test
India,2017,2022,2.558,2.56,2.08,-0.48,test
India,2018,2023,2.485,2.513,2.66,0.14700000000000024,test
India,2019,2024,2.821,2.686,2.5,-0.18599999999999994,test
India,2020,2025,2.853,2.586,4.86,2.2740000000000005,test
Iran,1980,1985,,0.0,4.6,4.6,train
Iran,1981,1986,,0.0,4.53,4.53,train
Iran,1982,1987,,0.0,5.03,5.03,train
Iran,1983,1988,,0.0,5.03,5.03,train
Iran,1984,1989,,0.0,5.07,5.07,train
Iran,1985,1990,0.0,0.0,2.12,2.12,train
Iran,1986,1991,0.0,0.0,0.59,0.59,train
Iran,1987,1992,0.0,0.0,0.95,0.95,train
Iran,1988,1993,0.0,0.0,5.98,5.98,train
Iran,1989,1994,0.0,0.0,-1.07,-1.07,train
Iran,1990,1995,0.0,0.0,0.52,0.52,train
Iran,1991,1996,0.0,0.0,0.45,0.45,train
Iran,1992,1997,0.0,0.0,0.45,0.45,train
Iran,1993,1998,0.0,0.0,-0.31,-0.31,train
Iran,1994,1999,0.0,0.0,-0.07,-0.07,train
Iran,1995,2000,0.0,0.0,0.21,0.21,train
Iran,1996,2001,0.0,0.0,0.45,0.45,train
Iran,1997,2002,0.0,0.0,0.21,0.21,train
Iran,1998,2003,0.0,0.0,0.21,0.21,train
Iran,1999,2004,0.0,0.0,0.21,0.21,train
Iran,2000,2005,0.0,0.0,0.21,0.21,train
Iran,2001,2006,0.0,0.0,0.21,0.21,train
Iran,2002,2007,0.0,0.0,0.55,0.55,train
Iran,2003,2008,0.0,0.0,0.08,0.08,train
Iran,2004,2009,0.0,0.0,-0.11,-0.11,train
Iran,2005,2010,0.0,0.0,-0.19,-0.19,train
Iran,2006,2011,0.0,0.047,-0.16,-0.20700000000000002,train
Iran,2007,2012,0.0,0.583,-0.16,-0.743,train
Iran,2008,2013,0.0,1.646,-0.24,-1.886,train
Iran,2009,2014,0.0,1.477,-0.24,-1.717,train
Iran,2010,2015,0.0,1.249,-0.16,-1.409,train
Iran,2011,2016,0.047,2.261,-0.24,-2.5010000000000003,test
Iran,2012,2017,0.583,2.281,0.84,-1.4410000000000003,test
Iran,2013,2018,1.646,2.206,1.61,-0.5959999999999999,test
Iran,2014,2019,1.477,2.01,2.18,0.17000000000000037,test
Iran,2015,2020,1.249,1.877,1.61,-0.2669999999999999,test
Iran,2016,2021,2.261,0.993,2.96,1.967,test
Iran,2017,2022,2.281,1.79,2.82,1.0299999999999998,test
Iran,2018,2023,2.206,1.738,2.36,0.6219999999999999,test
Iran,2019,2024,2.01,1.857,2.04,0.18300000000000005,test
Iran,2020,2025,1.877,1.857,3.96,2.1029999999999998,test
Italy,1980,1985,,3.782,4.97,1.1879999999999997,train
Italy,1981,1986,,4.554,7.55,2.9959999999999996,train
Italy,1982,1987,,0.086,12.95,12.863999999999999,train
Italy,1983,1988,,0.0,14.44,14.44,train
Italy,1984,1989,,0.0,15.33,15.33,train
Italy,1985,1990,3.782,0.0,0.0,0.0,train
Italy,1986,1991,4.554,0.0,4.78,4.78,train
Italy,1987,1992,0.086,0.0,0.48,0.48,train
Italy,1988,1993,0.0,0.0,0.27,0.27,train
Italy,1989,1994,0.0,0.0,-0.75,-0.75,train
Italy,1990,1995,0.0,0.0,-0.79,-0.79,train
Italy,1991,1996,0.0,0.0,-0.81,-0.81,train
Italy,1992,1997,0.0,0.0,-0.81,-0.81,train
Italy,1993,1998,0.0,0.0,-1.0,-1.0,train
Italy,1994,1999,0.0,0.0,-0.69,-0.69,train
Italy,1995,2000,0.0,0.0,-0.73,-0.73,train
Italy,1996,2001,0.0,0.0,-0.89,-0.89,train
Italy,1997,2002,0.0,0.0,-0.77,-0.77,train
Italy,1998,2003,0.0,0.0,-0.89,-0.89,train
Italy,1999,2004,0.0,0.0,-0.89,-0.89,train
Italy,2000,2005,0.0,0.0,-0.4,-0.4,train
Italy,2001,2006,0.0,0.0,-0.65,-0.65,train
Italy,2002,2007,0.0,0.0,-0.73,-0.73,train
Italy,2003,2008,0.0,0.0,-0.73,-0.73,train
Italy,2004,2009,0.0,0.0,-0.75,-0.75,train
Italy,2005,2010,0.0,0.0,-0.75,-0.75,train
Italy,2006,2011,0.0,0.0,-0.6,-0.6,train
Italy,2007,2012,0.0,0.0,-0.65,-0.65,train
Italy,2008,2013,0.0,0.0,-0.91,-0.91,train
Italy,2009,2014,0.0,0.0,-0.17,-0.17,train
Italy,2010,2015,0.0,0.0,0.37,0.37,train
Italy,2011,2016,0.0,0.0,0.21,0.21,test
Italy,2012,2017,0.0,0.0,-0.17,-0.17,test
Italy,2013,2018,0.0,0.0,-0.03,-0.03,test
Italy,2014,2019,0.0,0.0,-0.98,-0.98,test
Italy,2015,2020,0.0,0.0,0.15,0.15,test
Italy,2016,2021,0.0,0.0,0.18,0.18,test
Italy,2017,2022,0.0,0.0,0.26,0.26,test
Italy,2018,2023,0.0,0.0,0.21,0.21,test
Italy,2019,2024,0.0,0.0,0.1,0.1,test
Italy,2020,2025,0.0,0.0,-1.68,-1.68,test
Japan,1980,1985,,23.748,24.44,0.6920000000000002,train
Japan,1981,1986,,24.45,24.44,-0.00999999999999801,train
Japan,1982,1987,,26.228,24.44,-1.7880000000000003,train
Japan,1983,1988,,23.072,25.57,2.498000000000001,train
Japan,1984,1989,,23.233,25.67,2.437000000000001,train
Japan,1985,1990,23.748,22.073,25.25,3.1769999999999996,train
Japan,1986,1991,24.45,22.901,24.46,1.559000000000001,train
Japan,1987,1992,26.228,23.673,23.47,-0.2029999999999994,train
Japan,1988,1993,23.072,26.746,24.58,-2.1660000000000004,train
Japan,1989,1994,23.233,26.232,24.21,-2.0219999999999985,train
Japan,1990,1995,22.073,28.38,24.03,-4.349999999999998,train
Japan,1991,1996,22.901,28.791,23.87,-4.920999999999999,train
Japan,1992,1997,23.673,30.445,25.97,-4.475000000000001,train
Japan,1993,1998,26.746,30.762,27.57,-3.192,train
Japan,1994,1999,26.232,29.397,25.58,-3.817,train
Japan,1995,2000,28.38,29.02,26.89,-2.129999999999999,train
Japan,1996,2001,28.791,29.594,27.73,-1.8640000000000008,train
Japan,1997,2002,30.445,28.49,29.4,0.9100000000000001,train
Japan,1998,2003,30.762,21.058,25.99,4.931999999999999,train
Japan,1999,2004,29.397,25.497,26.84,1.343,train
Japan,2000,2005,29.02,25.414,25.88,0.4659999999999975,train
Japan,2001,2006,29.594,26.134,26.2,0.06599999999999895,train
Japan,2002,2007,28.49,23.643,25.36,1.7169999999999987,train
Japan,2003,2008,21.058,21.267,20.21,-1.0569999999999986,train
Japan,2004,2009,25.497,24.654,20.46,-4.193999999999999,train
Japan,2005,2010,25.414,25.29,20.67,-4.619999999999997,train
Japan,2006,2011,26.134,14.755,15.49,0.7349999999999994,train
Japan,2007,2012,23.643,1.625,7.75,6.125,train
Japan,2008,2013,21.267,1.342,6.87,5.5280000000000005,train
Japan,2009,2014,24.654,0.0,6.49,6.49,train
Japan,2010,2015,25.29,0.439,6.96,6.521,train
Japan,2011,2016,14.755,1.662,8.68,7.018,test
Japan,2012,2017,1.625,2.7,0.66,-2.04,test
Japan,2013,2018,1.342,4.535,1.68,-2.8550000000000004,test
Japan,2014,2019,0.0,6.267,-0.42,-6.687,test
Japan,2015,2020,0.439,4.253,1.21,-3.043,test
Japan,2016,2021,1.662,5.917,2.7,-3.2169999999999996,test
Japan,2017,2022,2.7,4.975,3.25,-1.7249999999999996,test
Japan,2018,2023,4.535,7.694,3.91,-3.784,test
Japan,2019,2024,6.267,8.354,5.04,-3.313999999999999,test
Japan,2020,2025,4.253,9.136,3.85,-5.286,test
Kazakhstan,1987,1992,0.0,0.558,1.86,1.302,train
Kazakhstan,1988,1993,0.0,0.573,2.28,1.7069999999999999,train
Kazakhstan,1989,1994,0.113,0.569,1.86,1.2910000000000001,train
Kazakhstan,1990,1995,0.0,0.119,1.86,1.741,train
Kazakhstan,1991,1996,0.627,0.15,2.23,2.08,train
Kazakhstan,1992,1997,0.558,0.578,2.25,1.6720000000000002,train
Kazakhstan,1993,1998,0.573,0.177,1.9,1.7229999999999999,train
Kazakhstan,1994,1999,0.569,0.0,1.72,1.72,train
Kazakhstan,1995,2000,0.119,0.0,0.25,0.25,train
Kazakhstan,1996,2001,0.15,0.0,0.71,0.71,train
Kazakhstan,1997,2002,0.578,0.0,1.11,1.11,train
Kazakhstan,1998,2003,0.177,0.0,0.3,0.3,train
Kazakhstan,1999,2004,0.0,0.0,0.93,0.93,train
Kazakhstan,2000,2005,0.0,0.0,1.7,1.7,train
Kazakhstan,2001,2006,0.0,0.0,1.7,1.7,train
Kazakhstan,2002,2007,0.0,0.0,0.46,0.46,train
Kazakhstan,2003,2008,0.0,0.0,-0.41,-0.41,train
Kazakhstan,2004,2009,0.0,0.0,-0.34,-0.34,train
Kazakhstan,2005,2010,0.0,0.0,-0.34,-0.34,train
Kazakhstan,2006,2011,0.0,0.0,0.14,0.14,train
Kazakhstan,2007,2012,0.0,0.0,-0.38,-0.38,train
Kazakhstan,2008,2013,0.0,0.0,-0.45,-0.45,train
Kazakhstan,2009,2014,0.0,0.0,-0.57,-0.57,train
Kazakhstan,2010,2015,0.0,0.0,-0.38,-0.38,train
Kazakhstan,2011,2016,0.0,0.0,0.39,0.39,test
Kazakhstan,2012,2017,0.0,0.0,0.36,0.36,test
Kazakhstan,2013,2018,0.0,0.0,1.32,1.32,test
Kazakhstan,2014,2019,0.0,0.0,2.12,2.12,test
Kazakhstan,2015,2020,0.0,0.0,-2.33,-2.33,test
Kazakhstan,2016,2021,0.0,0.0,0.93,0.93,test
Kazakhstan,2017,2022,0.0,0.0,2.12,2.12,test
Kazakhstan,2018,2023,0.0,0.0,2.12,2.12,test
Kazakhstan,2019,2024,0.0,0.0,2.49,2.49,test
Latin America and Caribbean (Ember),2002,2007,2.853,2.327,2.7,0.3730000000000002,train
Latin America and Caribbean (Ember),2003,2008,2.915,2.338,2.86,0.5219999999999998,train
Latin America and Caribbean (Ember),2004,2009,2.529,2.366,2.7,0.3340000000000001,train
Latin America and Caribbean (Ember),2005,2010,2.326,1.964,2.7,0.7360000000000002,train
Latin America and Caribbean (Ember),2006,2011,2.617,2.199,2.7,0.5010000000000003,train
Latin America and Caribbean (Ember),2007,2012,2.327,2.053,2.7,0.6470000000000002,train
Latin America and Caribbean (Ember),2008,2013,2.338,2.129,2.7,0.5710000000000002,train
Latin America and Caribbean (Ember),2009,2014,2.366,1.945,2.7,0.7550000000000001,train
Latin America and Caribbean (Ember),2010,2015,1.964,2.069,2.26,0.19099999999999984,train
Latin America and Caribbean (Ember),2011,2016,2.199,2.131,2.55,0.41900000000000004,test
Latin America and Caribbean (Ember),2012,2017,2.053,2.007,2.26,0.25299999999999967,test
Latin America and Caribbean (Ember),2013,2018,2.129,2.163,2.55,0.387,test
Latin America and Caribbean (Ember),2014,2019,1.945,2.129,1.93,-0.19900000000000007,test
Latin America and Caribbean (Ember),2015,2020,2.069,2.15,2.26,0.10999999999999988,test
Latin America and Caribbean (Ember),2016,2021,2.131,2.161,2.22,0.05900000000000016,test
Latin America and Caribbean (Ember),2017,2022,2.007,1.898,1.93,0.03200000000000003,test
Latin America and Caribbean (Ember),2018,2023,2.163,2.003,2.55,0.5469999999999997,test
Latin America and Caribbean (Ember),2019,2024,2.129,2.105,2.22,0.11500000000000021,test
Latin America and Caribbean (Ember),2020,2025,2.15,1.992,2.22,0.2280000000000002,test
Lithuania,1987,1992,40.358,78.922,69.07,-9.852000000000004,train
Lithuania,1988,1993,49.276,88.011,72.44,-15.570999999999998,train
Lithuania,1989,1994,57.111,78.996,79.05,0.054000000000002046,train
Lithuania,1990,1995,59.965,87.426,79.64,-7.786000000000001,train
Lithuania,1991,1996,57.882,85.837,79.33,-6.507000000000005,train
Lithuania,1992,1997,78.922,83.53,83.87,0.3400000000000034,train
Lithuania,1993,1998,88.011,79.009,81.85,2.840999999999994,train
Lithuania,1994,1999,78.996,75.382,80.18,4.798000000000002,train
Lithuania,1995,2000,87.426,75.651,78.46,2.8089999999999975,train
Lithuania,1996,2001,85.837,79.109,78.9,-0.20899999999998897,train
Lithuania,1997,2002,83.53,81.781,79.33,-2.4510000000000076,train
Lithuania,1998,2003,79.009,82.253,78.56,-3.692999999999998,train
Lithuania,1999,2004,75.382,80.533,80.29,-0.242999999999995,train
Lithuania,2000,2005,75.651,71.706,72.96,1.2539999999999907,train
Lithuania,2001,2006,79.109,71.665,72.81,1.144999999999996,train
Lithuania,2002,2007,81.781,73.031,73.59,0.5589999999999975,train
Lithuania,2003,2008,82.253,74.194,73.79,-0.40399999999999636,train
Lithuania,2004,2009,80.533,74.112,73.08,-1.0319999999999965,train
Lithuania,2005,2010,71.706,0.0,2.0,2.0,train
Lithuania,2006,2011,71.665,0.0,2.61,2.61,train
Lithuania,2007,2012,73.031,0.0,2.61,2.61,train
Lithuania,2008,2013,74.194,0.0,2.55,2.55,train
Lithuania,2009,2014,74.112,0.0,2.26,2.26,train
Lithuania,2010,2015,0.0,0.0,1.15,1.15,train
Lithuania,2011,2016,0.0,0.0,0.45,0.45,test
Lithuania,2012,2017,0.0,0.0,0.12,0.12,test
Lithuania,2013,2018,0.0,0.0,-1.79,-1.79,test
Lithuania,2014,2019,0.0,0.0,-1.79,-1.79,test
Lithuania,2015,2020,0.0,0.0,-0.75,-0.75,test
Lithuania,2016,2021,0.0,0.0,-0.75,-0.75,test
Lithuania,2017,2022,0.0,0.0,0.65,0.65,test
Lithuania,2018,2023,0.0,0.0,-1.88,-1.88,test
Lithuania,2019,2024,0.0,0.0,0.17,0.17,test
Lithuania,2020,2025,0.0,0.0,-0.07,-0.07,test
Mexico,1980,1985,,0.0,2.74,2.74,train
Mexico,1981,1986,,0.0,2.57,2.57,train
Mexico,1982,1987,,0.0,2.23,2.23,train
Mexico,1983,1988,,0.0,2.23,2.23,train
Mexico,1984,1989,,0.31,2.49,2.18,train
Mexico,1985,1990,0.0,2.498,0.2,-2.298,train
Mexico,1986,1991,0.0,3.299,-0.36,-3.659,train
Mexico,1987,1992,0.0,2.963,0.22,-2.743,train
Mexico,1988,1993,0.0,3.662,0.14,-3.522,train
Mexico,1989,1994,0.31,2.901,0.75,-2.151,train
Mexico,1990,1995,2.498,5.615,3.2,-2.415,train
Mexico,1991,1996,3.299,5.031,4.23,-0.8009999999999993,train
Mexico,1992,1997,2.963,6.271,3.61,-2.661,train
Mexico,1993,1998,3.662,5.117,4.23,-0.8869999999999996,train
Mexico,1994,1999,2.901,5.265,3.87,-1.3949999999999996,train
Mexico,1995,2000,5.615,4.037,5.09,1.053,train
Mexico,1996,2001,5.031,4.153,5.22,1.0670000000000002,train
Mexico,1997,2002,6.271,4.52,5.5,0.9800000000000004,train
Mexico,1998,2003,5.117,4.669,5.12,0.4510000000000005,train
Mexico,1999,2004,5.265,3.904,5.02,1.1159999999999997,train
Mexico,2000,2005,4.037,4.355,4.87,0.5149999999999997,train
Mexico,2001,2006,4.153,4.242,4.57,0.3280000000000003,train
Mexico,2002,2007,4.52,3.958,4.75,0.7919999999999998,train
Mexico,2003,2008,4.669,3.639,4.75,1.1110000000000002,train
Mexico,2004,2009,3.904,3.921,3.99,0.0690000000000004,train
Mexico,2005,2010,4.355,2.134,4.85,2.7159999999999997,train
Mexico,2006,2011,4.242,3.454,4.85,1.3959999999999995,train
Mexico,2007,2012,3.958,2.959,3.99,1.0310000000000001,train
Mexico,2008,2013,3.639,3.971,3.81,-0.16100000000000003,train
Mexico,2009,2014,3.921,3.191,3.45,0.25900000000000034,train
Mexico,2010,2015,2.134,3.731,2.99,-0.7409999999999997,train
Mexico,2011,2016,3.454,3.3,3.85,0.5500000000000003,test
Mexico,2012,2017,2.959,3.306,3.63,0.32399999999999984,test
Mexico,2013,2018,3.971,3.879,3.88,0.0009999999999998899,test
Mexico,2014,2019,3.191,3.248,3.49,0.242,test
Mexico,2015,2020,3.731,3.432,3.85,0.41800000000000015,test
Mexico,2016,2021,3.3,3.628,3.58,-0.04800000000000004,test
Mexico,2017,2022,3.306,3.19,3.58,0.3900000000000001,test
Mexico,2018,2023,3.879,3.523,3.65,0.12699999999999978,test
Mexico,2019,2024,3.248,3.466,3.04,-0.42600000000000016,test
Mexico,2020,2025,3.432,2.846,3.54,0.694,test
Middle East (Ember),2002,2007,0.0,0.0,-0.34,-0.34,train
Middle East (Ember),2003,2008,0.0,0.0,-0.34,-0.34,train
Middle East (Ember),2004,2009,0.0,0.0,-0.34,-0.34,train
Middle East (Ember),2005,2010,0.0,0.0,-0.18,-0.18,train
Middle East (Ember),2006,2011,0.0,0.012,-0.18,-0.192,train
Middle East (Ember),2007,2012,0.0,0.15,-0.18,-0.32999999999999996,train
Middle East (Ember),2008,2013,0.0,0.425,-0.34,-0.765,train
Middle East (Ember),2009,2014,0.0,0.378,-0.34,-0.718,train
Middle East (Ember),2010,2015,0.0,0.311,-0.34,-0.651,train
Middle East (Ember),2011,2016,0.012,0.558,-0.33,-0.8880000000000001,test
Middle East (Ember),2012,2017,0.15,0.561,1.31,0.749,test
Middle East (Ember),2013,2018,0.425,0.552,1.79,1.238,test
Middle East (Ember),2014,2019,0.378,0.497,2.08,1.5830000000000002,test
Middle East (Ember),2015,2020,0.311,0.61,2.08,1.4700000000000002,test
Middle East (Ember),2016,2021,0.558,1.038,1.99,0.952,test
Middle East (Ember),2017,2022,0.561,1.888,1.99,0.10200000000000009,test
Middle East (Ember),2018,2023,0.552,2.755,1.99,-0.7649999999999999,test
Middle East (Ember),2019,2024,0.497,3.087,2.15,-0.9370000000000003,test
Middle East (Ember),2020,2025,0.61,3.033,2.35,-0.6829999999999998,test
Netherlands,1980,1985,,6.191,15.87,9.678999999999998,train
Netherlands,1981,1986,,6.277,13.54,7.262999999999999,train
Netherlands,1982,1987,,5.195,15.71,10.515,train
Netherlands,1983,1988,,5.276,16.78,11.504000000000001,train
Netherlands,1984,1989,,5.499,14.41,8.911000000000001,train
Netherlands,1985,1990,6.191,4.95,8.72,3.7700000000000005,train
Netherlands,1986,1991,6.277,4.548,6.79,2.242,train
Netherlands,1987,1992,5.195,5.011,5.83,0.819,train
Netherlands,1988,1993,5.276,5.206,5.02,-0.18600000000000083,train
Netherlands,1989,1994,5.499,5.073,4.86,-0.21300000000000008,train
Netherlands,1990,1995,4.95,5.039,4.01,-1.029,train
Netherlands,1991,1996,4.548,4.948,4.01,-0.9380000000000006,train
Netherlands,1992,1997,5.011,2.832,3.73,0.8980000000000001,train
Netherlands,1993,1998,5.206,4.262,4.26,-0.0019999999999997797,train
Netherlands,1994,1999,5.073,4.497,3.91,-0.5869999999999997,train
Netherlands,1995,2000,5.039,4.463,3.91,-0.5529999999999999,train
Netherlands,1996,2001,4.948,4.32,3.65,-0.6700000000000004,train
Netherlands,1997,2002,2.832,4.131,2.56,-1.5710000000000002,train
Netherlands,1998,2003,4.262,4.211,3.83,-0.3810000000000002,train
Netherlands,1999,2004,4.497,3.827,3.86,0.03299999999999992,train
Netherlands,2000,2005,4.463,4.06,3.86,-0.19999999999999973,train
Netherlands,2001,2006,4.32,3.558,3.86,0.30200000000000005,train
Netherlands,2002,2007,4.131,4.051,3.52,-0.5310000000000001,train
Netherlands,2003,2008,4.211,3.926,3.83,-0.09600000000000009,train
Netherlands,2004,2009,3.827,3.783,3.16,-0.6229999999999998,train
Netherlands,2005,2010,4.06,3.362,3.61,0.24799999999999978,train
Netherlands,2006,2011,3.558,3.675,3.16,-0.5149999999999997,train
Netherlands,2007,2012,4.051,3.823,3.61,-0.21300000000000008,train
Netherlands,2008,2013,3.926,2.874,3.04,0.16599999999999993,train
Netherlands,2009,2014,3.783,4.006,2.68,-1.326,train
Netherlands,2010,2015,3.362,3.743,3.04,-0.7029999999999998,train
Netherlands,2011,2016,3.675,3.475,3.04,-0.43500000000000005,test
Netherlands,2012,2017,3.823,2.93,2.42,-0.5100000000000002,test
Netherlands,2013,2018,2.874,3.103,2.15,-0.9530000000000003,test
Netherlands,2014,2019,4.006,3.257,2.96,-0.29700000000000015,test
Netherlands,2015,2020,3.743,3.354,2.69,-0.6640000000000001,test
Netherlands,2016,2021,3.475,3.168,2.76,-0.40800000000000036,test
Netherlands,2017,2022,2.93,3.468,2.71,-0.758,test
Netherlands,2018,2023,3.103,3.326,2.38,-0.9460000000000002,test
Netherlands,2019,2024,3.257,2.918,1.45,-1.4680000000000002,test
Netherlands,2020,2025,3.354,2.956,4.01,1.0539999999999998,test
North America (Ember),2002,2007,19.239,18.824,20.06,1.235999999999997,train
North America (Ember),2003,2008,18.802,19.008,19.45,0.44200000000000017,train
North America (Ember),2004,2009,19.3,19.506,20.31,0.8039999999999985,train
North America (Ember),2005,2010,18.759,18.999,18.27,-0.7289999999999992,train
North America (Ember),2006,2011,18.998,18.681,18.57,-0.11100000000000065,train
North America (Ember),2007,2012,18.824,18.461,17.53,-0.9309999999999974,train
North America (Ember),2008,2013,19.008,18.926,21.66,2.7340000000000018,train
North America (Ember),2009,2014,19.506,19.028,19.18,0.15200000000000102,train
North America (Ember),2010,2015,18.999,18.929,19.5,0.5710000000000015,train
North America (Ember),2011,2016,18.681,19.062,18.82,-0.24200000000000088,test
North America (Ember),2012,2017,18.461,19.177,20.12,0.9430000000000014,test
North America (Ember),2013,2018,18.926,18.652,17.98,-0.6720000000000006,test
North America (Ember),2014,2019,19.028,18.899,19.77,0.8709999999999987,test
North America (Ember),2015,2020,18.929,18.882,18.85,-0.03200000000000003,test
North America (Ember),2016,2021,19.062,18.134,20.57,2.436,test
North America (Ember),2017,2022,19.177,17.331,20.63,3.2989999999999995,test
North America (Ember),2018,2023,18.652,17.633,20.13,2.497,test
North America (Ember),2019,2024,18.899,17.249,19.24,1.9909999999999997,test
North America (Ember),2020,2025,18.882,16.821,18.4,1.578999999999997,test
OECD (Ember),2002,2007,23.303,21.17,21.06,-0.11000000000000298,train
OECD (Ember),2003,2008,22.234,20.948,21.06,0.11199999999999832,train
OECD (Ember),2004,2009,22.766,21.44,21.06,-0.38000000000000256,train
OECD (Ember),2005,2010,22.309,21.027,21.06,0.0329999999999977,train
OECD (Ember),2006,2011,22.298,19.741,21.06,1.318999999999999,train
OECD (Ember),2007,2012,21.17,17.909,20.92,3.011000000000003,train
OECD (Ember),2008,2013,20.948,18.034,20.92,2.886000000000003,train
OECD (Ember),2009,2014,21.44,18.242,20.92,2.678000000000001,train
OECD (Ember),2010,2015,21.027,18.015,21.11,3.094999999999999,train
OECD (Ember),2011,2016,19.741,17.81,21.11,3.3000000000000007,test
OECD (Ember),2012,2017,17.909,17.584,19.44,1.8560000000000016,test
OECD (Ember),2013,2018,18.034,17.406,18.76,1.3540000000000028,test
OECD (Ember),2014,2019,18.242,17.829,18.05,0.22100000000000009,test
OECD (Ember),2015,2020,18.015,17.182,17.83,0.6479999999999997,test
OECD (Ember),2016,2021,17.81,17.067,18.12,1.0530000000000008,test
OECD (Ember),2017,2022,17.584,15.829,15.49,-0.3390000000000004,test
OECD (Ember),2018,2023,17.406,16.436,15.66,-0.7759999999999998,test
OECD (Ember),2019,2024,17.829,16.497,18.11,1.6129999999999995,test
OECD (Ember),2020,2025,17.182,16.209,15.48,-0.7289999999999992,test
Pakistan,1980,1985,,1.349,2.11,0.7609999999999999,train
Pakistan,1981,1986,,1.626,2.67,1.044,train
Pakistan,1982,1987,,0.839,2.86,2.021,train
Pakistan,1983,1988,,0.478,2.59,2.112,train
Pakistan,1984,1989,,0.279,2.59,2.311,train
Pakistan,1985,1990,1.349,0.913,0.55,-0.363,train
Pakistan,1986,1991,1.626,0.836,0.34,-0.49599999999999994,train
Pakistan,1987,1992,0.839,1.031,0.47,-0.5609999999999999,train
Pakistan,1988,1993,0.478,0.713,0.42,-0.293,train
Pakistan,1989,1994,0.279,1.015,0.33,-0.6849999999999998,train
Pakistan,1990,1995,0.913,0.818,0.65,-0.16799999999999993,train
Pakistan,1991,1996,0.836,0.484,0.94,0.45599999999999996,train
Pakistan,1992,1997,1.031,0.721,0.78,0.05900000000000005,train
Pakistan,1993,1998,0.713,0.592,0.43,-0.16199999999999998,train
Pakistan,1994,1999,1.015,0.122,0.39,0.268,train
Pakistan,1995,2000,0.818,0.572,0.39,-0.18199999999999994,train
Pakistan,1996,2001,0.484,2.746,0.22,-2.526,train
Pakistan,1997,2002,0.721,2.376,0.39,-1.9859999999999998,train
Pakistan,1998,2003,0.592,2.205,0.39,-1.815,train
Pakistan,1999,2004,0.122,2.245,-0.06,-2.305,train
Pakistan,2000,2005,0.572,2.549,0.76,-1.789,train
Pakistan,2001,2006,2.746,2.562,3.06,0.4980000000000002,train
Pakistan,2002,2007,2.376,2.402,2.67,0.2679999999999998,train
Pakistan,2003,2008,2.205,1.871,2.81,0.9390000000000001,train
Pakistan,2004,2009,2.245,2.747,3.2,0.4530000000000003,train
Pakistan,2005,2010,2.549,2.708,3.47,0.762,train
Pakistan,2006,2011,2.562,4.049,3.36,-0.6890000000000005,train
Pakistan,2007,2012,2.402,5.372,3.63,-1.742,train
Pakistan,2008,2013,1.871,4.195,2.41,-1.7850000000000001,train
Pakistan,2009,2014,2.747,4.244,3.18,-1.0639999999999996,train
Pakistan,2010,2015,2.708,3.839,3.75,-0.08899999999999997,train
Pakistan,2011,2016,4.049,4.426,4.71,0.2839999999999998,test
Pakistan,2012,2017,5.372,6.221,5.79,-0.43100000000000005,test
Pakistan,2013,2018,4.195,7.2,5.38,-1.8200000000000003,test
Pakistan,2014,2019,4.244,6.72,5.38,-1.3399999999999999,test
Pakistan,2015,2020,3.839,6.596,4.52,-2.0760000000000005,test
Pakistan,2016,2021,4.426,9.644,5.38,-4.264,test
Pakistan,2017,2022,6.221,12.661,5.92,-6.741,test
Pakistan,2018,2023,7.2,13.049,6.05,-6.999,test
Pakistan,2019,2024,6.72,13.077,5.62,-7.457,test
Pakistan,2020,2025,6.596,12.157,5.92,-6.237,test
Romania,1980,1985,,0.0,4.5,4.5,train
Romania,1981,1986,,0.0,4.27,4.27,train
Romania,1982,1987,,0.0,4.5,4.5,train
Romania,1983,1988,,0.0,4.27,4.27,train
Romania,1984,1989,,0.0,4.72,4.72,train
Romania,1985,1990,0.0,0.0,1.29,1.29,train
Romania,1986,1991,0.0,0.0,0.95,0.95,train
Romania,1987,1992,0.0,0.0,-0.17,-0.17,train
Romania,1988,1993,0.0,0.0,0.06,0.06,train
Romania,1989,1994,0.0,0.0,-0.17,-0.17,train
Romania,1990,1995,0.0,0.0,-0.46,-0.46,train
Romania,1991,1996,0.0,2.278,0.67,-1.608,train
Romania,1992,1997,0.0,9.52,4.43,-5.09,train
Romania,1993,1998,0.0,10.021,4.59,-5.431000000000001,train
Romania,1994,1999,0.0,10.303,5.77,-4.533000000000001,train
Romania,1995,2000,0.0,10.59,5.2,-5.39,train
Romania,1996,2001,2.278,10.177,4.39,-5.787,train
Romania,1997,2002,9.52,10.125,11.2,1.0749999999999993,train
Romania,1998,2003,10.021,8.953,11.77,2.817,train
Romania,1999,2004,10.303,9.828,12.49,2.662000000000001,train
Romania,2000,2005,10.59,9.354,12.64,3.2860000000000014,train
Romania,2001,2006,10.177,8.999,12.94,3.940999999999999,train
Romania,2002,2007,10.125,12.524,12.94,0.41600000000000037,train
Romania,2003,2008,8.953,17.314,14.2,-3.1140000000000008,train
Romania,2004,2009,9.828,20.403,14.22,-6.182999999999998,train
Romania,2005,2010,9.354,19.232,12.71,-6.5219999999999985,train
Romania,2006,2011,8.999,19.013,13.16,-5.8530000000000015,train
Romania,2007,2012,12.524,19.593,15.18,-4.413,train
Romania,2008,2013,17.314,19.969,18.32,-1.649000000000001,train
Romania,2009,2014,20.403,17.991,20.31,2.318999999999999,train
Romania,2010,2015,19.232,17.728,20.73,3.001999999999999,train
Romania,2011,2016,19.013,17.58,21.34,3.7600000000000016,test
Romania,2012,2017,19.593,18.115,21.22,3.1050000000000004,test
Romania,2013,2018,19.969,17.762,21.56,3.7979999999999983,test
Romania,2014,2019,17.991,19.197,21.18,1.9830000000000005,test
Romania,2015,2020,17.728,20.775,20.65,-0.125,test
Romania,2016,2021,17.58,19.262,18.62,-0.6419999999999995,test
Romania,2017,2022,18.115,20.259,21.93,1.6709999999999994,test
Romania,2018,2023,17.762,19.649,22.03,2.3810000000000002,test
Romania,2019,2024,19.197,20.694,22.17,1.4760000000000026,test
Romania,2020,2025,20.775,20.478,24.59,4.111999999999998,test
Russia,1987,1992,11.907,11.862,14.28,2.4179999999999993,train
Russia,1988,1993,12.653,12.46,14.42,1.959999999999999,train
Russia,1989,1994,12.665,11.168,14.28,3.112,train
Russia,1990,1995,10.934,11.573,12.04,0.46699999999999875,train
Russia,1991,1996,11.233,12.869,13.93,1.061,train
Russia,1992,1997,11.862,13.007,13.93,0.923,train
Russia,1993,1998,12.46,12.539,14.01,1.471,train
Russia,1994,1999,11.168,14.402,15.59,1.1880000000000006,train
Russia,1995,2000,11.573,14.891,15.68,0.7889999999999997,train
Russia,1996,2001,12.869,15.363,16.4,1.036999999999999,train
Russia,1997,2002,13.007,15.891,15.85,-0.04100000000000037,train
Russia,1998,2003,12.539,16.407,15.38,-1.0269999999999992,train
Russia,1999,2004,14.402,15.528,16.01,0.4820000000000011,train
Russia,2000,2005,14.891,15.664,15.19,-0.4740000000000002,train
Russia,2001,2006,15.363,15.768,16.44,0.6720000000000006,train
Russia,2002,2007,15.891,15.712,17.11,1.3979999999999997,train
Russia,2003,2008,16.407,15.681,17.1,1.4190000000000023,train
Russia,2004,2009,15.528,16.472,16.31,-0.1620000000000026,train
Russia,2005,2010,15.664,16.417,17.03,0.6129999999999995,train
Russia,2006,2011,15.768,16.395,17.03,0.6350000000000016,train
Russia,2007,2012,15.712,16.603,17.18,0.5769999999999982,train
Russia,2008,2013,15.681,16.289,16.73,0.44099999999999895,train
Russia,2009,2014,16.472,16.986,17.43,0.44399999999999906,train
Russia,2010,2015,16.417,18.31,16.96,-1.3499999999999979,train
Russia,2011,2016,16.395,18.022,18.08,0.05799999999999983,test
Russia,2012,2017,16.603,18.617,18.08,-0.5370000000000026,test
Russia,2013,2018,16.289,18.444,19.36,0.9160000000000004,test
Russia,2014,2019,16.986,18.691,19.6,0.9090000000000025,test
Russia,2015,2020,18.31,19.892,23.18,3.2880000000000003,test
Russia,2016,2021,18.022,19.22,23.53,4.310000000000002,test
Russia,2017,2022,18.617,19.17,23.89,4.719999999999999,test
Russia,2018,2023,18.444,18.449,29.87,11.421,test
Russia,2019,2024,18.691,17.837,19.96,2.123000000000001,test
Russia,2020,2025,19.892,18.331,23.62,5.2890000000000015,test
Slovakia,1980,1985,,41.687,34.33,-7.356999999999999,train
Slovakia,1981,1986,,48.477,37.49,-10.986999999999995,train
Slovakia,1982,1987,,48.724,37.9,-10.823999999999998,train
Slovakia,1983,1988,,49.803,37.9,-11.902999999999999,train
Slovakia,1984,1989,,50.507,38.31,-12.196999999999996,train
Slovakia,1985,1990,41.687,47.234,45.4,-1.8340000000000032,train
Slovakia,1986,1991,48.477,48.186,48.07,-0.11599999999999966,train
Slovakia,1987,1992,48.724,47.547,47.3,-0.2469999999999999,train
Slovakia,1988,1993,49.803,47.775,50.55,2.7749999999999986,train
Slovakia,1989,1994,50.507,49.47,50.47,1.0,train
Slovakia,1990,1995,47.234,43.284,47.54,4.256,train
Slovakia,1991,1996,48.186,44.187,47.19,3.003,train
Slovakia,1992,1997,47.547,44.209,45.86,1.6509999999999962,train
Slovakia,1993,1998,47.775,44.267,47.34,3.0730000000000004,train
Slovakia,1994,1999,49.47,46.674,48.45,1.7760000000000034,train
Slovakia,1995,2000,43.284,53.574,46.44,-7.134,train
Slovakia,1996,2001,44.187,53.74,47.3,-6.440000000000005,train
Slovakia,1997,2002,44.209,55.78,45.84,-9.939999999999998,train
Slovakia,1998,2003,44.267,57.65,47.02,-10.629999999999995,train
Slovakia,1999,2004,46.674,55.909,48.21,-7.698999999999998,train
Slovakia,2000,2005,53.574,56.573,57.66,1.0869999999999962,train
Slovakia,2001,2006,53.74,57.632,55.7,-1.931999999999995,train
Slovakia,2002,2007,55.78,55.045,55.41,0.3649999999999949,train
Slovakia,2003,2008,57.65,58.188,59.3,1.1119999999999948,train
Slovakia,2004,2009,55.909,54.3,54.94,0.6400000000000006,train
Slovakia,2005,2010,56.573,53.059,55.42,2.361000000000004,train
Slovakia,2006,2011,57.632,54.491,58.83,4.338999999999999,train
Slovakia,2007,2012,55.045,54.735,53.1,-1.634999999999998,train
Slovakia,2008,2013,58.188,55.158,59.38,4.222000000000001,train
Slovakia,2009,2014,54.3,57.132,55.61,-1.5219999999999985,train
Slovakia,2010,2015,53.059,56.912,53.74,-3.171999999999997,train
Slovakia,2011,2016,54.491,55.112,55.3,0.18799999999999528,test
Slovakia,2012,2017,54.735,54.996,55.85,0.8539999999999992,test
Slovakia,2013,2018,55.158,55.664,55.34,-0.32399999999999807,test
Slovakia,2014,2019,57.132,54.165,58.37,4.204999999999998,test
Slovakia,2015,2020,56.912,54.156,54.92,0.7640000000000029,test
Slovakia,2016,2021,55.112,52.963,54.82,1.8569999999999993,test
Slovakia,2017,2022,54.996,59.985,53.05,-6.935000000000002,test
Slovakia,2018,2023,55.664,62.072,53.05,-9.022000000000006,test
Slovakia,2019,2024,54.165,61.755,53.77,-7.984999999999999,test
Slovakia,2020,2025,54.156,66.426,55.14,-11.286000000000001,test
Slovenia,1992,1997,32.172,38.088,35.71,-2.378,train
Slovenia,1993,1998,33.138,36.735,35.57,-1.1649999999999991,train
Slovenia,1994,1999,35.764,35.445,36.62,1.1749999999999972,train
Slovenia,1995,2000,37.054,34.974,37.63,2.656000000000006,train
Slovenia,1996,2001,35.632,36.326,36.91,0.5839999999999961,train
Slovenia,1997,2002,38.088,37.877,38.48,0.6029999999999944,train
Slovenia,1998,2003,36.735,37.672,38.21,0.5380000000000038,train
Slovenia,1999,2004,35.445,35.756,36.61,0.8539999999999992,train
Slovenia,2000,2005,34.974,38.915,36.42,-2.4949999999999974,train
Slovenia,2001,2006,36.326,36.731,36.78,0.04899999999999949,train
Slovenia,2002,2007,37.877,37.899,38.45,0.5510000000000019,train
Slovenia,2003,2008,37.672,38.208,38.22,0.012000000000000455,train
Slovenia,2004,2009,35.756,35.021,36.89,1.8689999999999998,train
Slovenia,2005,2010,38.915,34.809,37.01,2.2010000000000005,train
Slovenia,2006,2011,36.731,39.07,37.21,-1.8599999999999994,train
Slovenia,2007,2012,37.899,35.563,37.1,1.536999999999999,train
Slovenia,2008,2013,38.208,33.544,36.4,2.8560000000000016,train
Slovenia,2009,2014,35.021,37.143,36.64,-0.5030000000000001,train
Slovenia,2010,2015,34.809,38.176,36.2,-1.975999999999999,train
Slovenia,2011,2016,39.07,35.243,38.04,2.796999999999997,test
Slovenia,2012,2017,35.563,39.19,35.81,-3.3799999999999955,test
Slovenia,2013,2018,33.544,35.856,34.79,-1.0660000000000025,test
Slovenia,2014,2019,37.143,36.627,38.41,1.7829999999999941,test
Slovenia,2015,2020,38.176,37.596,35.98,-1.6159999999999997,test
Slovenia,2016,2021,35.243,36.626,34.98,-1.6460000000000008,test
Slovenia,2017,2022,39.19,41.991,36.21,-5.780999999999999,test
Slovenia,2018,2023,35.856,36.013,35.13,-0.8829999999999956,test
Slovenia,2019,2024,36.627,34.949,35.05,0.10099999999999909,test
Slovenia,2020,2025,37.596,39.286,36.1,-3.186,test
South Africa,1980,1985,,3.704,4.72,1.0159999999999996,train
South Africa,1981,1986,,5.938,4.72,-1.218,train
South Africa,1982,1987,,4.047,4.5,0.4530000000000003,train
South Africa,1983,1988,,6.635,4.27,-2.365,train
South Africa,1984,1989,,6.794,18.4,11.605999999999998,train
South Africa,1985,1990,3.704,5.052,6.5,1.4480000000000004,train
South Africa,1986,1991,5.938,5.433,9.18,3.747,train
South Africa,1987,1992,4.047,5.526,5.66,0.13400000000000034,train
South Africa,1988,1993,6.635,4.153,7.89,3.737,train
South Africa,1989,1994,6.794,5.337,7.19,1.8530000000000006,train
South Africa,1990,1995,5.052,6.054,6.48,0.42600000000000016,train
South Africa,1991,1996,5.433,5.885,6.91,1.0250000000000004,train
South Africa,1992,1997,5.526,6.012,6.69,0.6780000000000008,train
South Africa,1993,1998,4.153,6.623,6.13,-0.4930000000000003,train
South Africa,1994,1999,5.337,6.323,6.66,0.33699999999999974,train
South Africa,1995,2000,6.054,6.176,6.66,0.484,train
South Africa,1996,2001,5.885,5.103,6.66,1.5570000000000004,train
South Africa,1997,2002,6.012,5.436,6.66,1.2240000000000002,train
South Africa,1998,2003,6.623,5.405,6.07,0.665,train
South Africa,1999,2004,6.323,5.466,6.07,0.6040000000000001,train
South Africa,2000,2005,6.176,4.609,5.29,0.681,train
South Africa,2001,2006,5.103,3.952,5.12,1.1680000000000001,train
South Africa,2002,2007,5.436,4.296,5.88,1.5839999999999996,train
South Africa,2003,2008,5.405,5.033,5.57,0.5369999999999999,train
South Africa,2004,2009,5.466,5.133,4.98,-0.15299999999999958,train
South Africa,2005,2010,4.609,5.212,4.88,-0.33199999999999985,train
South Africa,2006,2011,3.952,4.915,4.36,-0.5549999999999997,train
South Africa,2007,2012,4.296,5.03,5.05,0.019999999999999574,train
South Africa,2008,2013,5.033,5.513,4.71,-0.8029999999999999,train
South Africa,2009,2014,5.133,5.413,5.86,0.44700000000000006,train
South Africa,2010,2015,5.212,4.895,4.82,-0.07499999999999929,train
South Africa,2011,2016,4.915,5.945,4.48,-1.4649999999999999,test
South Africa,2012,2017,5.03,5.562,12.89,7.328,test
South Africa,2013,2018,5.513,4.518,15.57,11.052,test
South Africa,2014,2019,5.413,5.236,9.04,3.8039999999999994,test
South Africa,2015,2020,4.895,4.112,1.04,-3.072,test
South Africa,2016,2021,5.945,5.031,5.35,0.31899999999999995,test
South Africa,2017,2022,5.562,4.223,5.21,0.9870000000000001,test
South Africa,2018,2023,4.518,3.477,4.36,0.8830000000000005,test
South Africa,2019,2024,5.236,3.151,5.01,1.859,test
South Africa,2020,2025,4.112,4.206,4.68,0.4739999999999993,test
South Korea,1980,1985,,26.721,18.67,-8.050999999999998,train
South Korea,1981,1986,,40.63,20.36,-20.270000000000003,train
South Korea,1982,1987,,48.989,22.34,-26.648999999999997,train
South Korea,1983,1988,,43.069,27.4,-15.669000000000004,train
South Korea,1984,1989,,45.709,27.4,-18.309000000000005,train
South Korea,1985,1990,26.721,44.645,30.43,-14.215000000000003,train
South Korea,1986,1991,40.63,42.784,41.76,-1.024000000000001,train
South Korea,1987,1992,48.989,38.603,40.24,1.6370000000000005,train
South Korea,1988,1993,43.069,35.91,37.13,1.220000000000006,train
South Korea,1989,1994,45.709,31.986,39.74,7.754000000000001,train
South Korea,1990,1995,44.645,32.93,38.66,5.729999999999997,train
South Korea,1991,1996,42.784,32.732,38.0,5.268000000000001,train
South Korea,1992,1997,38.603,31.261,35.07,3.809000000000001,train
South Korea,1993,1998,35.91,37.812,33.92,-3.891999999999996,train
South Korea,1994,1999,31.986,39.314,31.28,-8.033999999999999,train
South Korea,1995,2000,32.93,37.514,33.74,-3.774000000000001,train
South Korea,1996,2001,32.732,36.185,34.49,-1.6950000000000003,train
South Korea,1997,2002,31.261,35.872,34.15,-1.7220000000000013,train
South Korea,1998,2003,37.812,37.286,40.93,3.6439999999999984,train
South Korea,1999,2004,39.314,35.517,40.22,4.702999999999996,train
South Korea,2000,2005,37.514,37.687,36.82,-0.8669999999999973,train
South Korea,2001,2006,36.185,36.912,35.21,-1.7019999999999982,train
South Korea,2002,2007,35.872,33.601,35.26,1.658999999999999,train
South Korea,2003,2008,37.286,34.107,36.9,2.7929999999999993,train
South Korea,2004,2009,35.517,32.66,34.37,1.7100000000000009,train
South Korea,2005,2010,37.687,30.018,35.01,4.991999999999997,train
South Korea,2006,2011,36.912,29.86,34.41,4.549999999999997,train
South Korea,2007,2012,33.601,28.3,30.36,2.0599999999999987,train
South Korea,2008,2013,34.107,25.836,30.17,4.334000000000003,train
South Korea,2009,2014,32.66,28.944,31.47,2.526,train
South Korea,2010,2015,30.018,30.077,26.99,-3.0870000000000033,train
South Korea,2011,2016,29.86,28.876,26.99,-1.8860000000000028,test
South Korea,2012,2017,28.3,25.751,27.05,1.2989999999999995,test
South Korea,2013,2018,25.836,22.518,22.58,0.06199999999999761,test
South Korea,2014,2019,28.944,24.865,26.99,2.125,test
South Korea,2015,2020,30.077,27.756,26.79,-0.9660000000000011,test
South Korea,2016,2021,28.876,25.999,27.02,1.0210000000000008,test
South Korea,2017,2022,25.751,28.277,23.18,-5.097000000000001,test
South Korea,2018,2023,22.518,29.23,22.15,-7.080000000000002,test
South Korea,2019,2024,24.865,30.182,23.6,-6.581999999999997,test
South Korea,2020,2025,27.756,29.563,28.18,-1.3829999999999991,test
Spain,1980,1985,,22.158,23.14,0.9819999999999993,train
Spain,1981,1986,,29.142,26.34,-2.8019999999999996,train
Spain,1982,1987,,31.109,26.84,-4.269000000000002,train
Spain,1983,1988,,36.37,26.84,-9.529999999999998,train
Spain,1984,1989,,38.167,29.31,-8.857000000000003,train
Spain,1985,1990,22.158,35.902,24.96,-10.942,train
Spain,1986,1991,29.142,35.925,29.3,-6.6249999999999964,train
Spain,1987,1992,31.109,35.608,28.84,-6.767999999999997,train
Spain,1988,1993,36.37,36.14,32.39,-3.75,train
Spain,1989,1994,38.167,34.528,33.95,-0.5779999999999959,train
Spain,1990,1995,35.902,33.598,31.24,-2.3580000000000005,train
Spain,1991,1996,35.925,32.521,31.32,-1.2010000000000005,train
Spain,1992,1997,35.608,29.239,32.12,2.8809999999999967,train
Spain,1993,1998,36.14,30.503,31.98,1.4770000000000003,train
Spain,1994,1999,34.528,28.619,30.14,1.5210000000000008,train
Spain,1995,2000,33.598,28.16,28.75,0.5899999999999999,train
Spain,1996,2001,32.521,27.335,28.67,1.3350000000000009,train
Spain,1997,2002,29.239,26.268,26.1,-0.16799999999999926,train
Spain,1998,2003,30.503,24.05,25.52,1.4699999999999989,train
Spain,1999,2004,28.619,22.996,25.58,2.5839999999999996,train
Spain,2000,2005,28.16,19.878,25.41,5.532,train
Spain,2001,2006,27.335,20.342,24.69,4.3480000000000025,train
Spain,2002,2007,26.268,18.253,22.04,3.786999999999999,train
Spain,2003,2008,24.05,19.035,22.34,3.3049999999999997,train
Spain,2004,2009,22.996,18.148,22.01,3.862000000000002,train
Spain,2005,2010,19.878,20.816,21.14,0.3240000000000016,train
Spain,2006,2011,20.342,19.798,22.36,2.562000000000001,train
Spain,2007,2012,18.253,20.912,20.88,-0.03200000000000003,train
Spain,2008,2013,19.035,20.156,21.47,1.314,train
Spain,2009,2014,18.148,20.883,19.54,-1.343,train
Spain,2010,2015,20.816,20.637,23.48,2.843,train
Spain,2011,2016,19.798,21.659,21.37,-0.2889999999999979,test
Spain,2012,2017,20.912,21.308,24.17,2.862000000000002,test
Spain,2013,2018,20.156,20.549,22.43,1.8810000000000002,test
Spain,2014,2019,20.883,21.57,23.23,1.6600000000000001,test
Spain,2015,2020,20.637,22.469,21.69,-0.7789999999999999,test
Spain,2016,2021,21.659,20.89,21.69,0.8000000000000007,test
Spain,2017,2022,21.308,20.404,21.55,1.1460000000000008,test
Spain,2018,2023,20.549,20.375,22.36,1.9849999999999994,test
Spain,2019,2024,21.57,19.41,22.13,2.719999999999999,test
Spain,2020,2025,22.469,18.781,22.37,3.589000000000002,test
Sweden,1980,1985,,42.702,39.53,-3.171999999999997,train
Sweden,1981,1986,,50.451,39.58,-10.871000000000002,train
Sweden,1982,1987,,45.974,39.76,-6.213999999999999,train
Sweden,1983,1988,,47.476,39.98,-7.496000000000002,train
Sweden,1984,1989,,45.847,37.41,-8.437000000000005,train
Sweden,1985,1990,42.702,46.705,44.62,-2.085000000000001,train
Sweden,1986,1991,50.451,52.228,50.22,-2.0080000000000027,train
Sweden,1987,1992,45.974,43.541,45.2,1.659000000000006,train
Sweden,1988,1993,47.476,42.269,46.28,4.011000000000003,train
Sweden,1989,1994,45.847,51.268,46.33,-4.938000000000002,train
Sweden,1990,1995,46.705,47.161,47.26,0.09899999999999665,train
Sweden,1991,1996,52.228,52.82,49.62,-3.200000000000003,train
Sweden,1992,1997,43.541,46.867,47.57,0.703000000000003,train
Sweden,1993,1998,42.269,46.338,45.04,-1.2980000000000018,train
Sweden,1994,1999,51.268,47.268,47.87,0.6019999999999968,train
Sweden,1995,2000,47.161,39.468,43.7,4.231999999999999,train
Sweden,1996,2001,52.82,44.623,48.1,3.477000000000004,train
Sweden,1997,2002,46.867,46.428,44.72,-1.7079999999999984,train
Sweden,1998,2003,46.338,49.797,45.1,-4.696999999999996,train
Sweden,1999,2004,47.268,51.128,45.04,-6.088000000000001,train
Sweden,2000,2005,39.468,45.706,41.31,-4.396000000000001,train
Sweden,2001,2006,44.623,46.748,46.67,-0.07799999999999585,train
Sweden,2002,2007,46.428,45.001,43.27,-1.7309999999999945,train
Sweden,2003,2008,49.797,42.622,45.81,3.1880000000000024,train
Sweden,2004,2009,51.128,38.192,46.19,7.9979999999999976,train
Sweden,2005,2010,45.706,38.956,43.98,5.023999999999994,train
Sweden,2006,2011,46.748,40.238,43.59,3.352000000000004,train
Sweden,2007,2012,45.001,38.476,43.54,5.064,train
Sweden,2008,2013,42.622,43.429,42.59,-0.8389999999999986,train
Sweden,2009,2014,38.192,42.251,39.55,-2.7010000000000005,train
Sweden,2010,2015,38.956,34.784,37.62,2.8359999999999985,train
Sweden,2011,2016,40.238,40.477,39.75,-0.7269999999999968,test
Sweden,2012,2017,38.476,40.005,39.15,-0.855000000000004,test
Sweden,2013,2018,43.429,41.963,44.39,2.4269999999999996,test
Sweden,2014,2019,42.251,39.265,39.87,0.6049999999999969,test
Sweden,2015,2020,34.784,30.04,37.24,7.200000000000003,test
Sweden,2016,2021,40.477,30.836,41.35,10.514000000000003,test
Sweden,2017,2022,40.005,30.014,40.06,10.046000000000003,test
Sweden,2018,2023,41.963,29.19,40.55,11.359999999999996,test
Sweden,2019,2024,39.265,29.434,38.99,9.556000000000001,test
Sweden,2020,2025,30.04,27.591,30.33,2.738999999999997,test
Switzerland,1980,1985,,39.762,37.79,-1.9720000000000013,train
Switzerland,1981,1986,,39.059,37.83,-1.2289999999999992,train
Switzerland,1982,1987,,38.242,37.88,-0.36199999999999477,train
Switzerland,1983,1988,,37.389,38.11,0.7209999999999965,train
Switzerland,1984,1989,,41.524,38.11,-3.4140000000000015,train
Switzerland,1985,1990,39.762,41.902,43.11,1.2079999999999984,train
Switzerland,1986,1991,39.059,39.258,41.84,2.5820000000000007,train
Switzerland,1987,1992,38.242,39.123,39.45,0.3270000000000053,train
Switzerland,1988,1993,37.389,37.671,39.45,1.7790000000000035,train
Switzerland,1989,1994,41.524,36.583,40.57,3.987000000000002,train
Switzerland,1990,1995,41.902,39.327,40.74,1.4130000000000038,train
Switzerland,1991,1996,39.258,43.552,42.13,-1.421999999999997,train
Switzerland,1992,1997,39.123,40.114,41.38,1.2660000000000053,train
Switzerland,1993,1998,37.671,40.53,40.54,0.00999999999999801,train
Switzerland,1994,1999,36.583,36.086,38.13,2.044000000000004,train
Switzerland,1995,2000,39.327,40.003,40.39,0.38700000000000045,train
Switzerland,1996,2001,43.552,37.734,43.59,5.856000000000002,train
Switzerland,1997,2002,40.114,41.63,40.65,-0.980000000000004,train
Switzerland,1998,2003,40.53,42.072,42.59,0.5180000000000007,train
Switzerland,1999,2004,36.086,42.211,37.69,-4.521000000000001,train
Switzerland,2000,2005,40.003,40.381,40.23,-0.15100000000000335,train
Switzerland,2001,2006,37.734,44.777,38.91,-5.867000000000004,train
Switzerland,2002,2007,41.63,42.029,41.87,-0.15900000000000603,train
Switzerland,2003,2008,42.072,41.319,41.13,-0.18900000000000006,train
Switzerland,2004,2009,42.211,41.533,40.31,-1.222999999999999,train
Switzerland,2005,2010,40.381,39.879,39.96,0.08100000000000307,train
Switzerland,2006,2011,44.777,42.478,42.44,-0.03800000000000381,train
Switzerland,2007,2012,42.029,37.34,39.96,2.6199999999999974,train
Switzerland,2008,2013,41.319,37.837,41.24,3.4029999999999987,train
Switzerland,2009,2014,41.533,39.326,40.79,1.4639999999999986,train
Switzerland,2010,2015,39.879,34.948,39.13,4.182000000000002,train
Switzerland,2011,2016,42.478,34.615,40.04,5.424999999999997,test
Switzerland,2012,2017,37.34,33.882,39.1,5.2180000000000035,test
Switzerland,2013,2018,37.837,38.482,38.54,0.05799999999999983,test
Switzerland,2014,2019,39.326,37.438,39.94,2.5019999999999953,test
Switzerland,2015,2020,34.948,35.066,36.98,1.9139999999999944,test
Switzerland,2016,2021,34.615,30.686,36.17,5.484000000000002,test
Switzerland,2017,2022,33.882,39.128,35.34,-3.7879999999999967,test
Switzerland,2018,2023,38.482,34.794,37.01,2.216000000000001,test
Switzerland,2019,2024,37.438,30.649,39.04,8.390999999999998,test
Switzerland,2020,2025,35.066,29.868,36.2,6.332000000000004,test
Taiwan,1980,1985,,51.707,31.33,-20.377000000000002,train
Taiwan,1981,1986,,43.22,29.16,-14.059999999999999,train
Taiwan,1982,1987,,47.888,29.16,-18.727999999999998,train
Taiwan,1983,1988,,40.192,30.48,-9.712,train
Taiwan,1984,1989,,33.639,27.77,-5.869000000000003,train
Taiwan,1985,1990,51.707,36.439,44.19,7.750999999999998,train
Taiwan,1986,1991,43.22,35.583,38.22,2.6370000000000005,train
Taiwan,1987,1992,47.888,32.071,39.64,7.569000000000003,train
Taiwan,1988,1993,40.192,29.82,33.92,4.100000000000001,train
Taiwan,1989,1994,33.639,27.978,29.71,1.7319999999999993,train
Taiwan,1990,1995,36.439,26.53,30.99,4.459999999999997,train
Taiwan,1991,1996,35.583,26.618,31.11,4.492000000000001,train
Taiwan,1992,1997,32.071,24.101,29.46,5.359000000000002,train
Taiwan,1993,1998,29.82,22.586,25.76,3.174000000000003,train
Taiwan,1994,1999,27.978,22.481,24.97,2.488999999999997,train
Taiwan,1995,2000,26.53,20.829,23.1,2.271000000000001,train
Taiwan,1996,2001,26.618,18.825,23.1,4.275000000000002,train
Taiwan,1997,2002,24.101,19.89,22.94,3.0500000000000007,train
Taiwan,1998,2003,22.586,18.602,22.82,4.218,train
Taiwan,1999,2004,22.481,18.081,22.2,4.119,train
Taiwan,2000,2005,20.829,17.569,19.89,2.3210000000000015,train
Taiwan,2001,2006,18.825,16.927,20.52,3.593,train
Taiwan,2002,2007,19.89,16.676,19.63,2.9540000000000006,train
Taiwan,2003,2008,18.602,17.133,18.4,1.2669999999999995,train
Taiwan,2004,2009,18.081,18.07,18.37,0.3000000000000007,train
Taiwan,2005,2010,17.569,16.851,15.04,-1.811,train
Taiwan,2006,2011,16.927,16.704,14.86,-1.8440000000000012,train
Taiwan,2007,2012,16.676,16.144,14.78,-1.363999999999999,train
Taiwan,2008,2013,17.133,16.502,15.59,-0.911999999999999,train
Taiwan,2009,2014,18.07,16.306,18.28,1.9740000000000002,train
Taiwan,2010,2015,16.851,14.128,14.77,0.6419999999999995,train
Taiwan,2011,2016,16.704,11.987,14.87,2.882999999999999,test
Taiwan,2012,2017,16.144,8.307,15.51,7.202999999999999,test
Taiwan,2013,2018,16.502,10.046,15.51,5.464,test
Taiwan,2014,2019,16.306,11.788,14.98,3.192,test
Taiwan,2015,2020,14.128,11.229,13.82,2.591000000000001,test
Taiwan,2016,2021,11.987,9.549,12.19,2.641,test
Taiwan,2017,2022,8.307,8.241,5.38,-2.8609999999999998,test
Taiwan,2018,2023,10.046,6.306,9.98,3.6740000000000004,test
Taiwan,2019,2024,11.788,4.221,11.97,7.7490000000000006,test
Taiwan,2020,2025,11.229,1.127,11.97,10.843,test
Ukraine,1975,1985,,19.598,24.38,4.782,train
Ukraine,1976,1986,,15.662,24.38,8.717999999999998,train
Ukraine,1977,1987,,17.913,24.38,6.466999999999999,train
Ukraine,1978,1988,,24.226,24.38,0.15399999999999991,train
Ukraine,1979,1989,,22.525,24.38,1.8550000000000004,train
Ukraine,1985,1990,19.598,25.333,28.51,3.177000000000003,train
Ukraine,1986,1991,15.662,26.832,23.32,-3.5120000000000005,train
Ukraine,1987,1992,17.913,29.042,23.39,-5.652000000000001,train
Ukraine,1988,1993,24.226,32.521,31.95,-0.5710000000000015,train
Ukraine,1989,1994,22.525,33.72,29.82,-3.8999999999999986,train
Ukraine,1990,1995,25.333,36.079,29.61,-6.469000000000001,train
Ukraine,1991,1996,26.832,43.198,33.61,-9.588000000000001,train
Ukraine,1992,1997,29.042,44.34,36.51,-7.830000000000005,train
Ukraine,1993,1998,32.521,43.409,40.12,-3.2890000000000015,train
Ukraine,1994,1999,33.72,41.76,39.52,-2.239999999999995,train
Ukraine,1995,2000,36.079,45.007,42.38,-2.6269999999999953,train
Ukraine,1996,2001,43.198,43.953,46.43,2.4769999999999968,train
Ukraine,1997,2002,44.34,44.814,47.8,2.985999999999997,train
Ukraine,1998,2003,43.409,45.083,47.26,2.1769999999999996,train
Ukraine,1999,2004,41.76,47.698,46.67,-1.0279999999999987,train
Ukraine,2000,2005,45.007,47.621,46.47,-1.1510000000000034,train
Ukraine,2001,2006,43.953,46.599,45.27,-1.3289999999999935,train
Ukraine,2002,2007,44.814,47.154,46.24,-0.9140000000000015,train
Ukraine,2003,2008,45.083,46.651,45.71,-0.9410000000000025,train
Ukraine,2004,2009,47.698,47.762,46.38,-1.381999999999998,train
Ukraine,2005,2010,47.621,47.214,45.44,-1.774000000000001,train
Ukraine,2006,2011,46.599,46.294,45.64,-0.6539999999999964,train
Ukraine,2007,2012,47.154,45.324,44.78,-0.5439999999999969,train
Ukraine,2008,2013,46.651,42.81,44.51,1.6999999999999957,train
Ukraine,2009,2014,47.762,48.348,46.95,-1.3979999999999961,train
Ukraine,2010,2015,47.214,53.537,46.48,-7.057000000000002,train
Ukraine,2011,2016,46.294,49.186,45.09,-4.0959999999999965,test
Ukraine,2012,2017,45.324,54.845,46.64,-8.204999999999998,test
Ukraine,2013,2018,42.81,52.796,42.76,-10.036000000000001,test
Ukraine,2014,2019,48.348,53.847,47.04,-6.807000000000002,test
Ukraine,2015,2020,53.537,51.56,55.02,3.460000000000001,test
Ukraine,2016,2021,49.186,55.107,47.39,-7.716999999999999,test
Ukraine,2017,2022,54.845,55.762,53.71,-2.0519999999999996,test
United Arab Emirates,1980,1985,,0.0,2.37,2.37,train
United Arab Emirates,1981,1986,,0.0,2.38,2.38,train
United Arab Emirates,1982,1987,,0.0,1.82,1.82,train
United Arab Emirates,1983,1988,,0.0,1.49,1.49,train
United Arab Emirates,1984,1989,,0.0,2.04,2.04,train
United Arab Emirates,1985,1990,0.0,0.0,0.79,0.79,train
United Arab Emirates,1986,1991,0.0,0.0,0.38,0.38,train
United Arab Emirates,1987,1992,0.0,0.0,0.15,0.15,train
United Arab Emirates,1988,1993,0.0,0.0,0.25,0.25,train
United Arab Emirates,1989,1994,0.0,0.0,0.64,0.64,train
United Arab Emirates,1990,1995,0.0,0.0,0.08,0.08,train
United Arab Emirates,1991,1996,0.0,0.0,0.69,0.69,train
United Arab Emirates,1992,1997,0.0,0.0,0.69,0.69,train
United Arab Emirates,1993,1998,0.0,0.0,1.21,1.21,train
United Arab Emirates,1994,1999,0.0,0.0,-0.41,-0.41,train
United Arab Emirates,1995,2000,0.0,0.0,-0.96,-0.96,train
United Arab Emirates,1996,2001,0.0,0.0,-0.99,-0.99,train
United Arab Emirates,1997,2002,0.0,0.0,-0.93,-0.93,train
United Arab Emirates,1998,2003,0.0,0.0,-0.18,-0.18,train
United Arab Emirates,1999,2004,0.0,0.0,-0.18,-0.18,train
United Arab Emirates,2000,2005,0.0,0.0,0.49,0.49,train
United Arab Emirates,2001,2006,0.0,0.0,-0.18,-0.18,train
United Arab Emirates,2002,2007,0.0,0.0,-0.38,-0.38,train
United Arab Emirates,2003,2008,0.0,0.0,-0.38,-0.38,train
United Arab Emirates,2004,2009,0.0,0.0,-0.38,-0.38,train
United Arab Emirates,2005,2010,0.0,0.0,-0.37,-0.37,train
United Arab Emirates,2006,2011,0.0,0.0,-0.38,-0.38,train
United Arab Emirates,2007,2012,0.0,0.0,1.06,1.06,train
United Arab Emirates,2008,2013,0.0,0.0,1.06,1.06,train
United Arab Emirates,2009,2014,0.0,0.0,1.06,1.06,train
United Arab Emirates,2010,2015,0.0,0.0,0.87,0.87,train
United Arab Emirates,2011,2016,0.0,0.0,1.06,1.06,test
United Arab Emirates,2012,2017,0.0,0.0,1.06,1.06,test
United Arab Emirates,2013,2018,0.0,0.0,1.06,1.06,test
United Arab Emirates,2014,2019,0.0,0.0,1.06,1.06,test
United Arab Emirates,2015,2020,0.0,1.187,0.83,-0.3570000000000001,test
United Arab Emirates,2016,2021,0.0,7.078,-0.04,-7.118,test
United Arab Emirates,2017,2022,0.0,12.933,-0.31,-13.243,test
United Arab Emirates,2018,2023,0.0,20.558,0.36,-20.198,test
United Arab Emirates,2019,2024,0.0,22.921,0.36,-22.561,test
United Kingdom,1980,1985,,20.496,22.47,1.9740000000000002,train
United Kingdom,1981,1986,,19.623,22.47,2.8469999999999978,train
United Kingdom,1982,1987,,18.284,22.69,4.406000000000002,train
United Kingdom,1983,1988,,20.548,22.5,1.9520000000000017,train
United Kingdom,1984,1989,,22.803,23.1,0.2970000000000006,train
United Kingdom,1985,1990,20.496,20.563,22.06,1.4969999999999999,train
United Kingdom,1986,1991,19.623,21.847,21.8,-0.0470000000000006,train
United Kingdom,1987,1992,18.284,23.925,22.5,-1.4250000000000007,train
United Kingdom,1988,1993,20.548,27.653,24.09,-3.562999999999999,train
United Kingdom,1989,1994,22.803,27.033,26.53,-0.5030000000000001,train
United Kingdom,1990,1995,20.563,26.365,24.41,-1.9549999999999983,train
United Kingdom,1991,1996,21.847,26.982,25.31,-1.6720000000000006,train
United Kingdom,1992,1997,23.925,27.989,25.31,-2.679000000000002,train
United Kingdom,1993,1998,27.653,27.43,26.49,-0.9400000000000013,train
United Kingdom,1994,1999,27.033,25.84,25.66,-0.17999999999999972,train
United Kingdom,1995,2000,26.365,22.559,22.18,-0.37900000000000134,train
United Kingdom,1996,2001,26.982,23.414,24.7,1.2859999999999978,train
United Kingdom,1997,2002,27.989,22.686,23.8,1.1140000000000008,train
United Kingdom,1998,2003,27.43,22.272,23.78,1.5080000000000027,train
United Kingdom,1999,2004,25.84,20.309,21.1,0.7910000000000004,train
United Kingdom,2000,2005,22.559,20.49,20.15,-0.33999999999999986,train
United Kingdom,2001,2006,23.414,18.992,20.08,1.0879999999999974,train
United Kingdom,2002,2007,22.686,15.884,20.75,4.866,train
United Kingdom,2003,2008,22.272,13.495,19.87,6.375000000000002,train
United Kingdom,2004,2009,20.309,18.341,20.26,1.9190000000000005,train
United Kingdom,2005,2010,20.49,16.264,19.38,3.1159999999999997,train
United Kingdom,2006,2011,18.992,18.746,19.4,0.6539999999999999,train
United Kingdom,2007,2012,15.884,19.35,17.82,-1.5300000000000011,train
United Kingdom,2008,2013,13.495,19.708,15.66,-4.047999999999998,train
United Kingdom,2009,2014,18.341,18.856,19.45,0.5939999999999976,train
United Kingdom,2010,2015,16.264,20.757,16.4,-4.357000000000003,train
United Kingdom,2011,2016,18.746,21.148,19.76,-1.3879999999999981,test
United Kingdom,2012,2017,19.35,20.797,21.45,0.6529999999999987,test
United Kingdom,2013,2018,19.708,19.493,19.78,0.2870000000000026,test
United Kingdom,2014,2019,18.856,17.17,18.86,1.6899999999999977,test
United Kingdom,2015,2020,20.757,16.191,22.02,5.829000000000001,test
United Kingdom,2016,2021,21.148,14.972,21.02,6.048,test
United Kingdom,2017,2022,20.797,14.603,22.02,7.417,test
United Kingdom,2018,2023,19.493,13.879,21.21,7.331000000000001,test
United Kingdom,2019,2024,17.17,14.284,16.02,1.7359999999999989,test
United Kingdom,2020,2025,16.191,12.446,16.42,3.974000000000002,test
United States,1980,1985,,15.2,20.22,5.02,train
United States,1981,1986,,16.286,20.35,4.064,train
United States,1982,1987,,17.287,20.77,3.4830000000000005,train
United States,1983,1988,,19.033,21.34,2.3069999999999986,train
United States,1984,1989,,17.659,21.45,3.7910000000000004,train
United States,1985,1990,15.2,18.783,16.62,-2.1630000000000003,train
United States,1986,1991,16.286,19.714,17.35,-2.363999999999997,train
United States,1987,1992,17.287,19.831,16.48,-3.350999999999999,train
United States,1988,1993,19.033,18.869,19.66,0.7910000000000004,train
United States,1989,1994,17.659,19.492,18.91,-0.5820000000000007,train
United States,1990,1995,18.783,19.87,18.96,-0.9100000000000001,train
United States,1991,1996,19.714,19.388,19.61,0.22199999999999775,train
United States,1992,1997,19.831,17.806,19.5,1.693999999999999,train
United States,1993,1998,18.869,18.392,18.87,0.47800000000000153,train
United States,1994,1999,19.492,19.476,19.66,0.18400000000000105,train
United States,1995,2000,19.87,19.828,19.5,-0.3279999999999994,train
United States,1996,2001,19.388,20.626,19.67,-0.9559999999999995,train
United States,1997,2002,17.806,20.292,18.87,-1.4220000000000006,train
United States,1998,2003,18.392,19.74,18.87,-0.8699999999999974,train
United States,1999,2004,19.476,19.953,19.49,-0.46300000000000097,train
United States,2000,2005,19.828,19.38,18.06,-1.3200000000000003,train
United States,2001,2006,20.626,19.452,18.75,-0.7020000000000017,train
United States,2002,2007,20.292,19.467,18.07,-1.3969999999999985,train
United States,2003,2008,19.74,19.628,18.11,-1.5180000000000007,train
United States,2004,2009,19.953,20.276,18.1,-2.1759999999999984,train
United States,2005,2010,19.38,19.616,17.98,-1.6359999999999992,train
United States,2006,2011,19.452,19.326,18.1,-1.225999999999999,train
United States,2007,2012,19.467,19.04,18.19,-0.8499999999999979,train
United States,2008,2013,19.628,19.455,18.37,-1.0849999999999973,train
United States,2009,2014,20.276,19.462,18.51,-0.9519999999999982,train
United States,2010,2015,19.616,19.52,18.11,-1.4100000000000001,train
United States,2011,2016,19.326,19.711,18.22,-1.4909999999999997,test
United States,2012,2017,19.04,19.864,18.22,-1.644000000000002,test
United States,2013,2018,19.455,19.209,18.22,-0.9890000000000008,test
United States,2014,2019,19.462,19.465,18.22,-1.245000000000001,test
United States,2015,2020,19.52,19.536,18.31,-1.2260000000000026,test
United States,2016,2021,19.711,18.77,18.41,-0.35999999999999943,test
United States,2017,2022,19.864,17.998,18.26,0.26200000000000045,test
United States,2018,2023,19.209,18.215,18.17,-0.04499999999999815,test
United States,2019,2024,19.465,17.806,19.03,1.2240000000000002,test
United States,2020,2025,19.536,17.363,18.5,1.1370000000000005,test
